--
-- Base de datos: `aulasegura`
--
-- --------------------------------------------------------

USE aulasegura;

-- Opcional pero recomendable mientras insertamos datos relacionados
SET FOREIGN_KEY_CHECKS = 0;

-- --------------------------------------------------------

--
-- Volcado de datos para la tabla `academic_year`
--

INSERT INTO `academic_year` (`academic_year_id`, `code`, `is_active`) VALUES
(1, '2023-2024', 0),
(2, '2024-2025', 0),
(3, '2025-2026', 1);

-- --------------------------------------------------------

--
-- Volcado de datos para la tabla `academic_year_course`
--

INSERT INTO `academic_year_course` (`academic_year_id`, `course_id`) VALUES
(1, 1),
(1, 2),
(1, 3),
(1, 4),
(1, 5),
(1, 6),
(1, 7),
(1, 8),
(1, 9),
(1, 10),
(1, 11),
(1, 12),
(1, 13),
(1, 14),
(1, 15),
(1, 16),
(1, 17),
(1, 18),
(1, 19),
(1, 20),
(1, 21),
(1, 22),
(1, 23),
(1, 24),
(1, 26),
(1, 27),
(2, 1),
(2, 2),
(2, 3),
(2, 4),
(2, 5),
(2, 6),
(2, 7),
(2, 8),
(2, 9),
(2, 10),
(2, 11),
(2, 12),
(2, 13),
(2, 14),
(2, 15),
(2, 16),
(2, 17),
(2, 18),
(2, 19),
(2, 20),
(2, 21),
(2, 22),
(2, 23),
(2, 24),
(2, 26),
(2, 27),
(3, 1),
(3, 2),
(3, 3),
(3, 4),
(3, 5),
(3, 6),
(3, 7),
(3, 8),
(3, 9),
(3, 10),
(3, 11),
(3, 12),
(3, 13),
(3, 14),
(3, 15),
(3, 16),
(3, 17),
(3, 18),
(3, 19),
(3, 20),
(3, 21),
(3, 22),
(3, 23),
(3, 24),
(3, 26),
(3, 27);

-- --------------------------------------------------------

--
-- Volcado de datos para la tabla `access_log`
--

INSERT INTO `access_log` (`user_id`, `access_method`, `created_at`, `tag_id`, `reader_id`, `room_id`, `subject_id`, `access_status`, `access_log_id`) VALUES
('6b86f7e7-bf19-4117-b262-a1221c4ced55', 'rfid', '2025-11-12 08:08:39', 9, 2, 2, NULL, 'allowed', 1),
('2d9ce2e0-b172-4756-8c92-c647e3f0a649', 'nfc', '2025-11-12 08:16:50', 2, 7, 7, NULL, 'allowed', 2),
('2d9ce2e0-b172-4756-8c92-c647e3f0a649', 'rfid', '2025-11-12 09:51:57', 7, 7, 7, NULL, 'allowed', 3),
('2d9ce2e0-b172-4756-8c92-c647e3f0a649', 'rfid', '2025-11-12 09:53:44', 7, 7, 7, NULL, 'denied', 4),
('2d9ce2e0-b172-4756-8c92-c647e3f0a649', 'rfid', '2025-11-12 10:11:21', 7, 7, 7, NULL, 'allowed', 5),
('2d9ce2e0-b172-4756-8c92-c647e3f0a649', 'rfid', '2025-11-12 10:31:51', 7, 7, 7, NULL, 'denied', 6),
('2d9ce2e0-b172-4756-8c92-c647e3f0a649', 'rfid', '2025-11-12 10:42:32', 7, 7, 7, NULL, 'allowed', 7),
('2d9ce2e0-b172-4756-8c92-c647e3f0a649', 'rfid', '2025-11-12 10:44:23', 7, 7, 7, NULL, 'denied', 8),
('2d9ce2e0-b172-4756-8c92-c647e3f0a649', 'rfid', '2025-11-12 11:07:54', 7, 7, 7, NULL, 'allowed', 9),
('2d9ce2e0-b172-4756-8c92-c647e3f0a649', 'rfid', '2025-11-12 11:45:19', 7, 7, 7, NULL, 'denied', 10),
('2d9ce2e0-b172-4756-8c92-c647e3f0a649', 'rfid', '2025-11-12 11:46:45', 7, 7, 7, NULL, 'denied', 11),
('2d9ce2e0-b172-4756-8c92-c647e3f0a649', 'rfid', '2025-11-12 11:58:14', 7, 7, 7, NULL, 'denied', 12),
('2d9ce2e0-b172-4756-8c92-c647e3f0a649', 'rfid', '2025-11-12 12:04:58', 7, 7, 7, NULL, 'denied', 13),
('2d9ce2e0-b172-4756-8c92-c647e3f0a649', 'rfid', '2025-11-12 12:05:40', 7, 7, 7, NULL, 'allowed', 14),
('2d9ce2e0-b172-4756-8c92-c647e3f0a649', 'rfid', '2025-11-12 12:06:17', 7, 7, 7, NULL, 'allowed', 15),
('2d9ce2e0-b172-4756-8c92-c647e3f0a649', 'rfid', '2025-11-12 12:07:42', 7, 7, 7, NULL, 'allowed', 16),
('2d9ce2e0-b172-4756-8c92-c647e3f0a649', 'rfid', '2025-11-12 12:07:49', 7, 7, 7, NULL, 'allowed', 17),
('2d9ce2e0-b172-4756-8c92-c647e3f0a649', 'rfid', '2025-11-12 12:09:57', 7, 7, 7, NULL, 'allowed', 18),
('2d9ce2e0-b172-4756-8c92-c647e3f0a649', 'rfid', '2025-11-12 12:13:48', 7, 7, 7, NULL, 'allowed', 19),
('2d9ce2e0-b172-4756-8c92-c647e3f0a649', 'rfid', '2025-11-12 12:29:00', 7, 7, 7, NULL, 'denied', 20),
('2d9ce2e0-b172-4756-8c92-c647e3f0a649', 'rfid', '2025-11-12 12:29:46', 7, 7, 7, NULL, 'allowed', 21),
('2d9ce2e0-b172-4756-8c92-c647e3f0a649', 'rfid', '2025-11-12 12:34:19', 7, 7, 7, NULL, 'allowed', 22),
('2d9ce2e0-b172-4756-8c92-c647e3f0a649', 'rfid', '2025-11-12 12:43:33', 7, 7, 7, NULL, 'allowed', 23),
('2d9ce2e0-b172-4756-8c92-c647e3f0a649', 'rfid', '2025-11-12 12:44:41', 7, 7, 7, NULL, 'allowed', 24),
('2d9ce2e0-b172-4756-8c92-c647e3f0a649', 'rfid', '2025-11-12 12:45:56', 7, 7, 7, NULL, 'allowed', 25),
('2d9ce2e0-b172-4756-8c92-c647e3f0a649', 'rfid', '2025-11-12 12:46:28', 7, 7, 7, NULL, 'allowed', 26),
('2d9ce2e0-b172-4756-8c92-c647e3f0a649', 'rfid', '2025-11-18 10:52:29', 7, 7, 7, NULL, 'denied', 27),
('6b86f7e7-bf19-4117-b262-a1221c4ced55', 'rfid', '2025-11-18 10:58:59', 9, 24, 24, NULL, 'allowed', 28),
('6b86f7e7-bf19-4117-b262-a1221c4ced55', 'rfid', '2025-11-18 10:59:50', 9, 24, 24, NULL, 'denied', 29),
('6b86f7e7-bf19-4117-b262-a1221c4ced55', 'rfid', '2025-11-18 11:14:54', 9, 24, 24, NULL, 'allowed', 30),
('6b86f7e7-bf19-4117-b262-a1221c4ced55', 'rfid', '2025-11-18 11:23:34', 9, 24, 24, NULL, 'allowed', 31),
('6b86f7e7-bf19-4117-b262-a1221c4ced55', 'rfid', '2025-11-18 12:02:59', 9, 24, 24, NULL, 'denied', 32),
('6b86f7e7-bf19-4117-b262-a1221c4ced55', 'nfc', '2025-11-18 12:19:07', 4, 24, 24, NULL, 'denied', 33),
('6b86f7e7-bf19-4117-b262-a1221c4ced55', 'nfc', '2025-11-18 12:20:07', 4, 24, 24, NULL, 'allowed', 34),
('6b86f7e7-bf19-4117-b262-a1221c4ced55', 'rfid', '2025-11-18 12:20:21', 9, 24, 24, NULL, 'allowed', 35),
('6b86f7e7-bf19-4117-b262-a1221c4ced55', 'nfc', '2025-11-18 12:20:33', 4, 24, 24, NULL, 'allowed', 36),
('6b86f7e7-bf19-4117-b262-a1221c4ced55', 'nfc', '2025-11-18 12:43:53', 4, 24, 24, NULL, 'allowed', 37),
('6b86f7e7-bf19-4117-b262-a1221c4ced55', 'nfc', '2025-11-18 12:44:07', 4, 24, 24, NULL, 'allowed', 38),
('6b86f7e7-bf19-4117-b262-a1221c4ced55', 'nfc', '2025-11-18 12:44:11', 4, 24, 24, NULL, 'allowed', 39),
('6b86f7e7-bf19-4117-b262-a1221c4ced55', 'rfid', '2025-11-18 12:44:21', 9, 24, 24, NULL, 'allowed', 40),
('6b86f7e7-bf19-4117-b262-a1221c4ced55', 'rfid', '2025-11-18 12:44:51', 9, 24, 24, NULL, 'denied', 41),
('6b86f7e7-bf19-4117-b262-a1221c4ced55', 'nfc', '2025-11-18 12:45:20', 4, 24, 24, NULL, 'denied', 42),
('6b86f7e7-bf19-4117-b262-a1221c4ced55', 'nfc', '2025-11-18 12:45:34', 4, 24, 24, NULL, 'allowed', 43),
('6b86f7e7-bf19-4117-b262-a1221c4ced55', 'nfc', '2025-11-18 14:34:10', 4, 24, 24, NULL, 'denied', 44),
('6b86f7e7-bf19-4117-b262-a1221c4ced55', 'nfc', '2025-11-18 15:00:45', 4, 24, 24, NULL, 'allowed', 45),
('6b86f7e7-bf19-4117-b262-a1221c4ced55', 'nfc', '2025-11-18 17:07:27', 4, 24, 24, NULL, 'allowed', 46),
('2d9ce2e0-b172-4756-8c92-c647e3f0a649', 'qr', '2025-11-18 17:11:05', NULL, 24, 24, NULL, 'denied', 47),
('6b86f7e7-bf19-4117-b262-a1221c4ced55', 'qr', '2025-11-18 17:11:38', NULL, 24, 24, NULL, 'allowed', 48),
('6b86f7e7-bf19-4117-b262-a1221c4ced55', 'nfc', '2025-11-18 17:12:36', 4, 24, 24, NULL, 'allowed', 49),
('6b86f7e7-bf19-4117-b262-a1221c4ced55', 'qr', '2025-11-18 17:12:40', NULL, 24, 24, NULL, 'allowed', 50),
('6b86f7e7-bf19-4117-b262-a1221c4ced55', 'qr', '2025-11-18 17:12:57', NULL, 24, 24, NULL, 'denied', 51),
('6b86f7e7-bf19-4117-b262-a1221c4ced55', 'qr', '2025-11-18 17:13:11', NULL, 24, 24, NULL, 'allowed', 52),
('6b86f7e7-bf19-4117-b262-a1221c4ced55', 'nfc', '2025-11-18 17:16:24', 4, 24, 24, NULL, 'allowed', 53),
('6b86f7e7-bf19-4117-b262-a1221c4ced55', 'qr', '2025-11-18 17:16:31', NULL, 24, 24, NULL, 'allowed', 54),
('6b86f7e7-bf19-4117-b262-a1221c4ced55', 'qr', '2025-11-18 21:23:32', NULL, 24, 24, NULL, 'denied', 55),
('6b86f7e7-bf19-4117-b262-a1221c4ced55', 'qr', '2025-11-18 21:24:10', NULL, 24, 24, NULL, 'allowed', 56),
('6b86f7e7-bf19-4117-b262-a1221c4ced55', 'qr', '2025-11-18 21:24:50', NULL, 24, 24, NULL, 'allowed', 57),
('6b86f7e7-bf19-4117-b262-a1221c4ced55', 'qr', '2025-11-18 21:25:23', NULL, 24, 24, NULL, 'allowed', 58),
('6b86f7e7-bf19-4117-b262-a1221c4ced55', 'qr', '2025-11-18 21:25:30', NULL, 24, 24, NULL, 'allowed', 59),
('6b86f7e7-bf19-4117-b262-a1221c4ced55', 'qr', '2025-11-18 21:25:35', NULL, 24, 24, NULL, 'allowed', 60),
('6b86f7e7-bf19-4117-b262-a1221c4ced55', 'qr', '2025-11-18 21:25:50', NULL, 24, 24, NULL, 'allowed', 61),
('6b86f7e7-bf19-4117-b262-a1221c4ced55', 'qr', '2025-11-18 21:43:14', NULL, 24, 24, NULL, 'allowed', 62),
('6b86f7e7-bf19-4117-b262-a1221c4ced55', 'qr', '2025-11-18 21:50:41', NULL, 24, 24, NULL, 'allowed', 63),
('6b86f7e7-bf19-4117-b262-a1221c4ced55', 'qr', '2025-11-18 21:53:07', NULL, 24, 24, NULL, 'allowed', 64),
('6b86f7e7-bf19-4117-b262-a1221c4ced55', 'qr', '2025-11-18 21:56:23', NULL, 24, 24, NULL, 'allowed', 65),
('6b86f7e7-bf19-4117-b262-a1221c4ced55', 'qr', '2025-11-18 22:00:36', NULL, 24, 24, NULL, 'denied', 66),
('6b86f7e7-bf19-4117-b262-a1221c4ced55', 'qr', '2025-11-18 22:01:06', NULL, 24, 24, NULL, 'allowed', 67),
('6b86f7e7-bf19-4117-b262-a1221c4ced55', 'qr', '2025-11-18 22:01:26', NULL, 24, 24, NULL, 'allowed', 68),
('6b86f7e7-bf19-4117-b262-a1221c4ced55', 'qr', '2025-11-18 22:06:23', NULL, 24, 24, NULL, 'allowed', 69),
('6b86f7e7-bf19-4117-b262-a1221c4ced55', 'qr', '2025-11-18 22:07:52', NULL, 24, 24, NULL, 'allowed', 70),
('6b86f7e7-bf19-4117-b262-a1221c4ced55', 'qr', '2025-11-18 22:08:04', NULL, 24, 24, NULL, 'allowed', 71),
('6b86f7e7-bf19-4117-b262-a1221c4ced55', 'qr', '2025-11-18 22:09:00', NULL, 24, 24, NULL, 'allowed', 72),
('6b86f7e7-bf19-4117-b262-a1221c4ced55', 'qr', '2025-11-18 22:12:09', NULL, 24, 24, NULL, 'allowed', 73),
('6b86f7e7-bf19-4117-b262-a1221c4ced55', 'qr', '2025-11-18 22:13:15', NULL, 24, 24, NULL, 'allowed', 74),
('6b86f7e7-bf19-4117-b262-a1221c4ced55', 'qr', '2025-11-18 22:16:28', NULL, 24, 24, NULL, 'denied', 75),
('6b86f7e7-bf19-4117-b262-a1221c4ced55', 'qr', '2025-11-18 22:17:27', NULL, 24, 24, NULL, 'allowed', 76),
('6b86f7e7-bf19-4117-b262-a1221c4ced55', 'qr', '2025-11-18 22:24:10', NULL, 24, 24, NULL, 'denied', 77),
('6b86f7e7-bf19-4117-b262-a1221c4ced55', 'qr', '2025-11-18 22:32:27', NULL, 24, 24, NULL, 'denied', 78),
('6b86f7e7-bf19-4117-b262-a1221c4ced55', 'qr', '2025-11-18 22:32:33', NULL, 24, 24, NULL, 'denied', 79),
('6b86f7e7-bf19-4117-b262-a1221c4ced55', 'qr', '2025-11-18 22:32:39', NULL, 24, 24, NULL, 'denied', 80),
('6b86f7e7-bf19-4117-b262-a1221c4ced55', 'qr', '2025-11-18 22:32:52', NULL, 24, 24, NULL, 'denied', 81),
('6b86f7e7-bf19-4117-b262-a1221c4ced55', 'qr', '2025-11-18 22:33:12', NULL, 24, 24, NULL, 'allowed', 82),
('6b86f7e7-bf19-4117-b262-a1221c4ced55', 'qr', '2025-11-18 22:33:21', NULL, 24, 24, NULL, 'allowed', 83),
('6b86f7e7-bf19-4117-b262-a1221c4ced55', 'qr', '2025-11-18 22:33:29', NULL, 24, 24, NULL, 'allowed', 84),
('6b86f7e7-bf19-4117-b262-a1221c4ced55', 'qr', '2025-11-18 22:33:36', NULL, 24, 24, NULL, 'allowed', 85),
('6b86f7e7-bf19-4117-b262-a1221c4ced55', 'qr', '2025-11-18 22:33:43', NULL, 24, 24, NULL, 'allowed', 86),
('6b86f7e7-bf19-4117-b262-a1221c4ced55', 'qr', '2025-11-18 22:33:51', NULL, 24, 24, NULL, 'allowed', 87),
('6b86f7e7-bf19-4117-b262-a1221c4ced55', 'qr', '2025-11-18 22:34:23', NULL, 24, 24, NULL, 'allowed', 88),
('6b86f7e7-bf19-4117-b262-a1221c4ced55', 'qr', '2025-11-18 22:34:31', NULL, 24, 24, NULL, 'allowed', 89),
('6b86f7e7-bf19-4117-b262-a1221c4ced55', 'qr', '2025-11-18 22:35:00', NULL, 24, 24, NULL, 'allowed', 90),
('6b86f7e7-bf19-4117-b262-a1221c4ced55', 'qr', '2025-11-18 22:35:09', NULL, 24, 24, NULL, 'allowed', 91),
('6b86f7e7-bf19-4117-b262-a1221c4ced55', 'qr', '2025-11-18 22:35:46', NULL, 24, 24, NULL, 'allowed', 92),
('6b86f7e7-bf19-4117-b262-a1221c4ced55', 'qr', '2025-11-18 22:36:33', NULL, 24, 24, NULL, 'allowed', 93),
('6b86f7e7-bf19-4117-b262-a1221c4ced55', 'qr', '2025-11-18 22:38:46', NULL, 24, 24, NULL, 'allowed', 94),
('6b86f7e7-bf19-4117-b262-a1221c4ced55', 'qr', '2025-11-18 22:38:53', NULL, 24, 24, NULL, 'allowed', 95),
('6b86f7e7-bf19-4117-b262-a1221c4ced55', 'qr', '2025-11-18 22:39:00', NULL, 24, 24, NULL, 'allowed', 96),
('6b86f7e7-bf19-4117-b262-a1221c4ced55', 'qr', '2025-11-18 22:39:06', NULL, 24, 24, NULL, 'allowed', 97),
('6b86f7e7-bf19-4117-b262-a1221c4ced55', 'qr', '2025-11-18 22:39:12', NULL, 24, 24, NULL, 'allowed', 98),
('6b86f7e7-bf19-4117-b262-a1221c4ced55', 'qr', '2025-11-18 22:39:18', NULL, 24, 24, NULL, 'allowed', 99),
('6b86f7e7-bf19-4117-b262-a1221c4ced55', 'qr', '2025-11-18 22:39:31', NULL, 24, 24, NULL, 'allowed', 100),
('6b86f7e7-bf19-4117-b262-a1221c4ced55', 'qr', '2025-11-18 22:39:37', NULL, 24, 24, NULL, 'allowed', 101),
('6b86f7e7-bf19-4117-b262-a1221c4ced55', 'qr', '2025-11-18 22:39:43', NULL, 24, 24, NULL, 'allowed', 102),
('6b86f7e7-bf19-4117-b262-a1221c4ced55', 'qr', '2025-11-18 22:39:49', NULL, 24, 24, NULL, 'allowed', 103),
('6b86f7e7-bf19-4117-b262-a1221c4ced55', 'qr', '2025-11-18 22:39:56', NULL, 24, 24, NULL, 'allowed', 104),
('6b86f7e7-bf19-4117-b262-a1221c4ced55', 'qr', '2025-11-18 22:40:03', NULL, 24, 24, NULL, 'allowed', 105),
('6b86f7e7-bf19-4117-b262-a1221c4ced55', 'qr', '2025-11-18 22:40:22', NULL, 24, 24, NULL, 'denied', 106),
('6b86f7e7-bf19-4117-b262-a1221c4ced55', 'qr', '2025-11-18 22:40:27', NULL, 24, 24, NULL, 'denied', 107),
('6b86f7e7-bf19-4117-b262-a1221c4ced55', 'qr', '2025-11-18 22:40:35', NULL, 24, 24, NULL, 'denied', 108),
('6b86f7e7-bf19-4117-b262-a1221c4ced55', 'qr', '2025-11-18 22:47:00', NULL, 24, 24, NULL, 'denied', 109),
('6b86f7e7-bf19-4117-b262-a1221c4ced55', 'qr', '2025-11-18 22:47:08', NULL, 24, 24, NULL, 'denied', 110),
('6b86f7e7-bf19-4117-b262-a1221c4ced55', 'qr', '2025-11-18 22:47:14', NULL, 24, 24, NULL, 'denied', 111),
('6b86f7e7-bf19-4117-b262-a1221c4ced55', 'qr', '2025-11-18 22:47:36', NULL, 24, 24, NULL, 'allowed', 112),
('6b86f7e7-bf19-4117-b262-a1221c4ced55', 'qr', '2025-11-18 22:47:41', NULL, 24, 24, NULL, 'allowed', 113),
('6b86f7e7-bf19-4117-b262-a1221c4ced55', 'qr', '2025-11-18 22:47:47', NULL, 24, 24, NULL, 'allowed', 114),
('6b86f7e7-bf19-4117-b262-a1221c4ced55', 'qr', '2025-11-18 22:47:54', NULL, 24, 24, NULL, 'allowed', 115),
('6b86f7e7-bf19-4117-b262-a1221c4ced55', 'qr', '2025-11-18 22:50:44', NULL, 24, 24, NULL, 'denied', 116),
('6b86f7e7-bf19-4117-b262-a1221c4ced55', 'qr', '2025-11-18 22:50:50', NULL, 24, 24, NULL, 'denied', 117),
('6b86f7e7-bf19-4117-b262-a1221c4ced55', 'qr', '2025-11-18 22:50:56', NULL, 24, 24, NULL, 'denied', 118),
('6b86f7e7-bf19-4117-b262-a1221c4ced55', 'qr', '2025-11-18 22:51:17', NULL, 24, 24, NULL, 'allowed', 119),
('6b86f7e7-bf19-4117-b262-a1221c4ced55', 'qr', '2025-11-18 22:55:54', NULL, 24, 24, NULL, 'denied', 120),
('6b86f7e7-bf19-4117-b262-a1221c4ced55', 'qr', '2025-11-18 22:56:14', NULL, 24, 24, NULL, 'denied', 121),
('6b86f7e7-bf19-4117-b262-a1221c4ced55', 'qr', '2025-11-18 22:56:20', NULL, 24, 24, NULL, 'denied', 122),
('6b86f7e7-bf19-4117-b262-a1221c4ced55', 'qr', '2025-11-18 23:04:41', NULL, 24, 24, NULL, 'denied', 123),
('6b86f7e7-bf19-4117-b262-a1221c4ced55', 'qr', '2025-11-18 23:04:48', NULL, 24, 24, NULL, 'denied', 124),
('6b86f7e7-bf19-4117-b262-a1221c4ced55', 'qr', '2025-11-18 23:04:55', NULL, 24, 24, NULL, 'denied', 125),
('6b86f7e7-bf19-4117-b262-a1221c4ced55', 'qr', '2025-11-18 23:25:18', NULL, 24, 24, NULL, 'denied', 126),
('6b86f7e7-bf19-4117-b262-a1221c4ced55', 'qr', '2025-11-18 23:25:43', NULL, 24, 24, NULL, 'allowed', 127),
('6b86f7e7-bf19-4117-b262-a1221c4ced55', 'qr', '2025-11-18 23:25:50', NULL, 24, 24, NULL, 'allowed', 128),
('6b86f7e7-bf19-4117-b262-a1221c4ced55', 'qr', '2025-11-18 23:25:57', NULL, 24, 24, NULL, 'allowed', 129),
('6b86f7e7-bf19-4117-b262-a1221c4ced55', 'qr', '2025-11-18 23:26:03', NULL, 24, 24, NULL, 'allowed', 130),
('6b86f7e7-bf19-4117-b262-a1221c4ced55', 'qr', '2025-11-18 23:26:21', NULL, 24, 24, NULL, 'denied', 131),
('6b86f7e7-bf19-4117-b262-a1221c4ced55', 'qr', '2025-11-18 23:26:28', NULL, 24, 24, NULL, 'denied', 132),
('6b86f7e7-bf19-4117-b262-a1221c4ced55', 'qr', '2025-11-18 23:27:25', NULL, 24, 24, NULL, 'denied', 133),
('6b86f7e7-bf19-4117-b262-a1221c4ced55', 'qr', '2025-11-18 23:35:42', NULL, 24, 24, NULL, 'denied', 134),
('6b86f7e7-bf19-4117-b262-a1221c4ced55', 'qr', '2025-11-18 23:35:49', NULL, 24, 24, NULL, 'denied', 135),
('6b86f7e7-bf19-4117-b262-a1221c4ced55', 'qr', '2025-11-18 23:35:55', NULL, 24, 24, NULL, 'denied', 136),
('6b86f7e7-bf19-4117-b262-a1221c4ced55', 'qr', '2025-11-18 23:46:13', NULL, 24, 24, NULL, 'allowed', 137),
('6b86f7e7-bf19-4117-b262-a1221c4ced55', 'qr', '2025-11-18 23:46:20', NULL, 24, 24, NULL, 'allowed', 138),
('6b86f7e7-bf19-4117-b262-a1221c4ced55', 'qr', '2025-11-18 23:46:26', NULL, 24, 24, NULL, 'allowed', 139),
('6b86f7e7-bf19-4117-b262-a1221c4ced55', 'qr', '2025-11-18 23:46:32', NULL, 24, 24, NULL, 'allowed', 140),
('6b86f7e7-bf19-4117-b262-a1221c4ced55', 'qr', '2025-11-18 23:46:38', NULL, 24, 24, NULL, 'allowed', 141),
('6b86f7e7-bf19-4117-b262-a1221c4ced55', 'qr', '2025-11-18 23:46:49', NULL, 24, 24, NULL, 'allowed', 142),
('6b86f7e7-bf19-4117-b262-a1221c4ced55', 'qr', '2025-11-18 23:47:14', NULL, 24, 24, NULL, 'denied', 143),
('6b86f7e7-bf19-4117-b262-a1221c4ced55', 'qr', '2025-11-18 23:47:20', NULL, 24, 24, NULL, 'denied', 144),
('6b86f7e7-bf19-4117-b262-a1221c4ced55', 'qr', '2025-11-19 00:15:03', NULL, 24, 24, NULL, 'denied', 145),
('6b86f7e7-bf19-4117-b262-a1221c4ced55', 'qr', '2025-11-19 00:15:22', NULL, 24, 24, NULL, 'allowed', 146),
('6b86f7e7-bf19-4117-b262-a1221c4ced55', 'qr', '2025-11-19 00:21:00', NULL, 24, 24, NULL, 'allowed', 147),
('6b86f7e7-bf19-4117-b262-a1221c4ced55', 'qr', '2025-11-19 00:26:07', NULL, 24, 24, NULL, 'allowed', 148),
('6b86f7e7-bf19-4117-b262-a1221c4ced55', 'qr', '2025-11-19 00:26:13', NULL, 24, 24, NULL, 'allowed', 149),
('6b86f7e7-bf19-4117-b262-a1221c4ced55', 'qr', '2025-11-19 00:26:31', NULL, 24, 24, NULL, 'denied', 150),
('6b86f7e7-bf19-4117-b262-a1221c4ced55', 'qr', '2025-11-19 00:44:51', NULL, 24, 24, NULL, 'denied', 151),
('6b86f7e7-bf19-4117-b262-a1221c4ced55', 'qr', '2025-11-19 00:45:06', NULL, 24, 24, NULL, 'allowed', 152),
('6b86f7e7-bf19-4117-b262-a1221c4ced55', 'qr', '2025-11-19 00:51:57', NULL, 24, 24, NULL, 'allowed', 153),
('6b86f7e7-bf19-4117-b262-a1221c4ced55', 'qr', '2025-11-19 00:52:13', NULL, 24, 24, NULL, 'denied', 154),
('6b86f7e7-bf19-4117-b262-a1221c4ced55', 'qr', '2025-11-19 01:13:30', NULL, 24, 24, NULL, 'denied', 155),
('6b86f7e7-bf19-4117-b262-a1221c4ced55', 'qr', '2025-11-19 01:13:46', NULL, 24, 24, NULL, 'allowed', 156),
('6b86f7e7-bf19-4117-b262-a1221c4ced55', 'qr', '2025-11-19 01:17:42', NULL, 24, 24, NULL, 'allowed', 157),
('6b86f7e7-bf19-4117-b262-a1221c4ced55', 'qr', '2025-11-19 01:21:05', NULL, 24, 24, NULL, 'allowed', 158),
('6b86f7e7-bf19-4117-b262-a1221c4ced55', 'qr', '2025-11-19 01:21:13', NULL, 24, 24, NULL, 'allowed', 159),
('6b86f7e7-bf19-4117-b262-a1221c4ced55', 'qr', '2025-11-19 01:21:19', NULL, 24, 24, NULL, 'allowed', 160),
('6b86f7e7-bf19-4117-b262-a1221c4ced55', 'qr', '2025-11-19 01:21:35', NULL, 24, 24, NULL, 'denied', 161),
('6b86f7e7-bf19-4117-b262-a1221c4ced55', 'qr', '2025-11-19 01:21:41', NULL, 24, 24, NULL, 'denied', 162),
('6b86f7e7-bf19-4117-b262-a1221c4ced55', 'qr', '2025-11-19 01:21:52', NULL, 24, 24, NULL, 'denied', 163),
('6b86f7e7-bf19-4117-b262-a1221c4ced55', 'qr', '2025-11-19 01:22:00', NULL, 24, 24, NULL, 'denied', 164),
('6b86f7e7-bf19-4117-b262-a1221c4ced55', 'qr', '2025-11-19 01:27:12', NULL, 24, 24, NULL, 'denied', 165),
('6b86f7e7-bf19-4117-b262-a1221c4ced55', 'qr', '2025-11-19 01:27:21', NULL, 24, 24, NULL, 'denied', 166),
('6b86f7e7-bf19-4117-b262-a1221c4ced55', 'qr', '2025-11-19 01:27:28', NULL, 24, 24, NULL, 'denied', 167),
('6b86f7e7-bf19-4117-b262-a1221c4ced55', 'qr', '2025-11-19 01:27:35', NULL, 24, 24, NULL, 'denied', 168),
('6b86f7e7-bf19-4117-b262-a1221c4ced55', 'qr', '2025-11-19 01:27:42', NULL, 24, 24, NULL, 'denied', 169),
('6b86f7e7-bf19-4117-b262-a1221c4ced55', 'qr', '2025-11-19 01:29:31', NULL, 24, 24, NULL, 'denied', 170),
('6b86f7e7-bf19-4117-b262-a1221c4ced55', 'qr', '2025-11-19 01:29:39', NULL, 24, 24, NULL, 'denied', 171),
('6b86f7e7-bf19-4117-b262-a1221c4ced55', 'qr', '2025-11-19 01:29:47', NULL, 24, 24, NULL, 'denied', 172),
('6b86f7e7-bf19-4117-b262-a1221c4ced55', 'qr', '2025-11-19 01:29:54', NULL, 24, 24, NULL, 'denied', 173),
('6b86f7e7-bf19-4117-b262-a1221c4ced55', 'qr', '2025-11-19 01:30:01', NULL, 24, 24, NULL, 'denied', 174),
('6b86f7e7-bf19-4117-b262-a1221c4ced55', 'qr', '2025-11-19 02:02:55', NULL, 24, 24, NULL, 'denied', 175),
('6b86f7e7-bf19-4117-b262-a1221c4ced55', 'qr', '2025-11-19 02:03:09', NULL, 24, 24, NULL, 'denied', 176),
('6b86f7e7-bf19-4117-b262-a1221c4ced55', 'qr', '2025-11-19 02:03:27', NULL, 24, 24, NULL, 'denied', 177),
('6b86f7e7-bf19-4117-b262-a1221c4ced55', 'qr', '2025-11-19 02:04:34', NULL, 24, 24, NULL, 'denied', 178),
('6b86f7e7-bf19-4117-b262-a1221c4ced55', 'qr', '2025-11-19 02:08:49', NULL, 24, 24, NULL, 'denied', 179),
('6b86f7e7-bf19-4117-b262-a1221c4ced55', 'qr', '2025-11-19 02:08:57', NULL, 24, 24, NULL, 'denied', 180),
('6b86f7e7-bf19-4117-b262-a1221c4ced55', 'qr', '2025-11-19 02:11:05', NULL, 24, 24, NULL, 'denied', 181),
('6b86f7e7-bf19-4117-b262-a1221c4ced55', 'qr', '2025-11-19 02:14:03', NULL, 24, 24, NULL, 'denied', 182),
('6b86f7e7-bf19-4117-b262-a1221c4ced55', 'qr', '2025-11-19 02:14:59', NULL, 24, 24, NULL, 'denied', 183),
('6b86f7e7-bf19-4117-b262-a1221c4ced55', 'qr', '2025-11-19 02:15:06', NULL, 24, 24, NULL, 'denied', 184),
('6b86f7e7-bf19-4117-b262-a1221c4ced55', 'qr', '2025-11-19 02:15:49', NULL, 24, 24, NULL, 'denied', 185),
('6b86f7e7-bf19-4117-b262-a1221c4ced55', 'qr', '2025-11-19 02:20:34', NULL, 24, 24, NULL, 'denied', 186),
('6b86f7e7-bf19-4117-b262-a1221c4ced55', 'qr', '2025-11-19 02:20:40', NULL, 24, 24, NULL, 'denied', 187),
('6b86f7e7-bf19-4117-b262-a1221c4ced55', 'qr', '2025-11-19 02:20:46', NULL, 24, 24, NULL, 'denied', 188),
('6b86f7e7-bf19-4117-b262-a1221c4ced55', 'qr', '2025-11-19 02:21:23', NULL, 24, 24, NULL, 'denied', 189),
('6b86f7e7-bf19-4117-b262-a1221c4ced55', 'qr', '2025-11-19 02:21:31', NULL, 24, 24, NULL, 'denied', 190),
('6b86f7e7-bf19-4117-b262-a1221c4ced55', 'qr', '2025-11-19 02:21:37', NULL, 24, 24, NULL, 'denied', 191),
('6b86f7e7-bf19-4117-b262-a1221c4ced55', 'qr', '2025-11-19 02:21:43', NULL, 24, 24, NULL, 'denied', 192),
('6b86f7e7-bf19-4117-b262-a1221c4ced55', 'qr', '2025-11-19 02:22:16', NULL, 24, 24, NULL, 'denied', 193),
('6b86f7e7-bf19-4117-b262-a1221c4ced55', 'qr', '2025-11-19 02:22:22', NULL, 24, 24, NULL, 'denied', 194),
('6b86f7e7-bf19-4117-b262-a1221c4ced55', 'qr', '2025-11-19 02:22:28', NULL, 24, 24, NULL, 'denied', 195),
('6b86f7e7-bf19-4117-b262-a1221c4ced55', 'qr', '2025-11-19 02:22:34', NULL, 24, 24, NULL, 'denied', 196),
('6b86f7e7-bf19-4117-b262-a1221c4ced55', 'qr', '2025-11-19 02:22:40', NULL, 24, 24, NULL, 'denied', 197),
('6b86f7e7-bf19-4117-b262-a1221c4ced55', 'qr', '2025-11-19 02:22:47', NULL, 24, 24, NULL, 'denied', 198),
('6b86f7e7-bf19-4117-b262-a1221c4ced55', 'qr', '2025-11-19 02:22:53', NULL, 24, 24, NULL, 'denied', 199),
('6b86f7e7-bf19-4117-b262-a1221c4ced55', 'qr', '2025-11-19 02:23:01', NULL, 24, 24, NULL, 'denied', 200),
('6b86f7e7-bf19-4117-b262-a1221c4ced55', 'qr', '2025-11-19 02:23:07', NULL, 24, 24, NULL, 'denied', 201),
('6b86f7e7-bf19-4117-b262-a1221c4ced55', 'qr', '2025-11-19 02:23:34', NULL, 24, 24, NULL, 'allowed', 202),
('6b86f7e7-bf19-4117-b262-a1221c4ced55', 'qr', '2025-11-19 02:23:41', NULL, 24, 24, NULL, 'allowed', 203),
('6b86f7e7-bf19-4117-b262-a1221c4ced55', 'qr', '2025-11-19 02:24:43', NULL, 24, 24, NULL, 'allowed', 204),
('6b86f7e7-bf19-4117-b262-a1221c4ced55', 'qr', '2025-11-19 02:24:49', NULL, 24, 24, NULL, 'allowed', 205),
('6b86f7e7-bf19-4117-b262-a1221c4ced55', 'qr', '2025-11-19 02:24:55', NULL, 24, 24, NULL, 'allowed', 206),
('6b86f7e7-bf19-4117-b262-a1221c4ced55', 'qr', '2025-11-19 02:26:38', NULL, 24, 24, NULL, 'allowed', 207),
('6b86f7e7-bf19-4117-b262-a1221c4ced55', 'qr', '2025-11-19 02:28:14', NULL, 24, 24, NULL, 'allowed', 208),
('6b86f7e7-bf19-4117-b262-a1221c4ced55', 'qr', '2025-11-19 02:28:20', NULL, 24, 24, NULL, 'allowed', 209),
('6b86f7e7-bf19-4117-b262-a1221c4ced55', 'qr', '2025-11-19 02:28:26', NULL, 24, 24, NULL, 'allowed', 210),
('6b86f7e7-bf19-4117-b262-a1221c4ced55', 'qr', '2025-11-19 02:28:33', NULL, 24, 24, NULL, 'allowed', 211),
('6b86f7e7-bf19-4117-b262-a1221c4ced55', 'qr', '2025-11-19 02:28:39', NULL, 24, 24, NULL, 'allowed', 212),
('6b86f7e7-bf19-4117-b262-a1221c4ced55', 'qr', '2025-11-19 02:29:56', NULL, 24, 24, NULL, 'allowed', 213),
('6b86f7e7-bf19-4117-b262-a1221c4ced55', 'qr', '2025-11-19 02:30:03', NULL, 24, 24, NULL, 'allowed', 214),
('6b86f7e7-bf19-4117-b262-a1221c4ced55', 'qr', '2025-11-19 02:30:23', NULL, 24, 24, NULL, 'allowed', 215),
('6b86f7e7-bf19-4117-b262-a1221c4ced55', 'qr', '2025-11-19 02:30:48', NULL, 24, 24, NULL, 'allowed', 216),
('6b86f7e7-bf19-4117-b262-a1221c4ced55', 'qr', '2025-11-19 02:30:54', NULL, 24, 24, NULL, 'allowed', 217),
('6b86f7e7-bf19-4117-b262-a1221c4ced55', 'qr', '2025-11-19 02:31:11', NULL, 24, 24, NULL, 'allowed', 218),
('6b86f7e7-bf19-4117-b262-a1221c4ced55', 'qr', '2025-11-19 02:32:05', NULL, 24, 24, NULL, 'allowed', 219),
('6b86f7e7-bf19-4117-b262-a1221c4ced55', 'qr', '2025-11-19 02:35:04', NULL, 24, 24, NULL, 'allowed', 220),
('6b86f7e7-bf19-4117-b262-a1221c4ced55', 'qr', '2025-11-19 02:35:10', NULL, 24, 24, NULL, 'allowed', 221),
('6b86f7e7-bf19-4117-b262-a1221c4ced55', 'qr', '2025-11-19 02:35:24', NULL, 24, 24, NULL, 'allowed', 222),
('6b86f7e7-bf19-4117-b262-a1221c4ced55', 'qr', '2025-11-19 02:36:12', NULL, 24, 24, NULL, 'allowed', 223),
('6b86f7e7-bf19-4117-b262-a1221c4ced55', 'qr', '2025-11-19 02:36:18', NULL, 24, 24, NULL, 'allowed', 224),
('6b86f7e7-bf19-4117-b262-a1221c4ced55', 'qr', '2025-11-19 02:36:25', NULL, 24, 24, NULL, 'allowed', 225),
('6b86f7e7-bf19-4117-b262-a1221c4ced55', 'qr', '2025-11-19 02:36:32', NULL, 24, 24, NULL, 'allowed', 226),
('6b86f7e7-bf19-4117-b262-a1221c4ced55', 'qr', '2025-11-19 02:36:38', NULL, 24, 24, NULL, 'allowed', 227),
('6b86f7e7-bf19-4117-b262-a1221c4ced55', 'qr', '2025-11-19 02:36:44', NULL, 24, 24, NULL, 'allowed', 228),
('6b86f7e7-bf19-4117-b262-a1221c4ced55', 'qr', '2025-11-19 02:36:51', NULL, 24, 24, NULL, 'allowed', 229),
('6b86f7e7-bf19-4117-b262-a1221c4ced55', 'qr', '2025-11-19 02:37:08', NULL, 24, 24, NULL, 'denied', 230),
('6b86f7e7-bf19-4117-b262-a1221c4ced55', 'qr', '2025-11-19 02:37:14', NULL, 24, 24, NULL, 'denied', 231),
('6b86f7e7-bf19-4117-b262-a1221c4ced55', 'qr', '2025-11-19 02:37:30', NULL, 24, 24, NULL, 'allowed', 232),
('6b86f7e7-bf19-4117-b262-a1221c4ced55', 'qr', '2025-11-19 02:37:37', NULL, 24, 24, NULL, 'allowed', 233),
('6b86f7e7-bf19-4117-b262-a1221c4ced55', 'qr', '2025-11-19 02:38:27', NULL, 24, 24, NULL, 'allowed', 234),
('6b86f7e7-bf19-4117-b262-a1221c4ced55', 'qr', '2025-11-19 02:38:34', NULL, 24, 24, NULL, 'allowed', 235),
('6b86f7e7-bf19-4117-b262-a1221c4ced55', 'qr', '2025-11-19 02:38:42', NULL, 24, 24, NULL, 'allowed', 236),
('6b86f7e7-bf19-4117-b262-a1221c4ced55', 'qr', '2025-11-19 02:39:34', NULL, 24, 24, NULL, 'allowed', 237),
('6b86f7e7-bf19-4117-b262-a1221c4ced55', 'qr', '2025-11-19 02:39:40', NULL, 24, 24, NULL, 'allowed', 238),
('6b86f7e7-bf19-4117-b262-a1221c4ced55', 'qr', '2025-11-19 02:39:46', NULL, 24, 24, NULL, 'allowed', 239),
('6b86f7e7-bf19-4117-b262-a1221c4ced55', 'qr', '2025-11-19 02:39:52', NULL, 24, 24, NULL, 'allowed', 240),
('6b86f7e7-bf19-4117-b262-a1221c4ced55', 'qr', '2025-11-19 02:39:58', NULL, 24, 24, NULL, 'allowed', 241),
('6b86f7e7-bf19-4117-b262-a1221c4ced55', 'qr', '2025-11-19 02:40:05', NULL, 24, 24, NULL, 'allowed', 242),
('6b86f7e7-bf19-4117-b262-a1221c4ced55', 'qr', '2025-11-19 02:40:11', NULL, 24, 24, NULL, 'allowed', 243),
('6b86f7e7-bf19-4117-b262-a1221c4ced55', 'qr', '2025-11-19 02:40:17', NULL, 24, 24, NULL, 'allowed', 244),
('6b86f7e7-bf19-4117-b262-a1221c4ced55', 'qr', '2025-11-19 02:40:36', NULL, 24, 24, NULL, 'denied', 245),
('6b86f7e7-bf19-4117-b262-a1221c4ced55', 'qr', '2025-11-19 02:40:42', NULL, 24, 24, NULL, 'denied', 246),
('6b86f7e7-bf19-4117-b262-a1221c4ced55', 'qr', '2025-11-19 02:40:49', NULL, 24, 24, NULL, 'denied', 247),
('6b86f7e7-bf19-4117-b262-a1221c4ced55', 'qr', '2025-11-19 02:40:55', NULL, 24, 24, NULL, 'denied', 248),
('6b86f7e7-bf19-4117-b262-a1221c4ced55', 'qr', '2025-11-19 02:41:01', NULL, 24, 24, NULL, 'denied', 249),
('6b86f7e7-bf19-4117-b262-a1221c4ced55', 'qr', '2025-11-19 02:41:15', NULL, 24, 24, NULL, 'allowed', 250),
('6b86f7e7-bf19-4117-b262-a1221c4ced55', 'qr', '2025-11-19 02:41:23', NULL, 24, 24, NULL, 'allowed', 251),
('6b86f7e7-bf19-4117-b262-a1221c4ced55', 'qr', '2025-11-19 02:41:29', NULL, 24, 24, NULL, 'allowed', 252),
('6b86f7e7-bf19-4117-b262-a1221c4ced55', 'qr', '2025-11-19 02:43:11', NULL, 24, 24, NULL, 'allowed', 253),
('6b86f7e7-bf19-4117-b262-a1221c4ced55', 'qr', '2025-11-19 02:43:27', NULL, 24, 24, NULL, 'allowed', 254),
('6b86f7e7-bf19-4117-b262-a1221c4ced55', 'qr', '2025-11-19 02:43:40', NULL, 24, 24, NULL, 'allowed', 255),
('6b86f7e7-bf19-4117-b262-a1221c4ced55', 'qr', '2025-11-19 02:43:46', NULL, 24, 24, NULL, 'allowed', 256),
('6b86f7e7-bf19-4117-b262-a1221c4ced55', 'qr', '2025-11-19 02:43:53', NULL, 24, 24, NULL, 'allowed', 257),
('6b86f7e7-bf19-4117-b262-a1221c4ced55', 'qr', '2025-11-19 02:44:27', NULL, 24, 24, NULL, 'allowed', 258),
('6b86f7e7-bf19-4117-b262-a1221c4ced55', 'qr', '2025-11-19 02:44:44', NULL, 24, 24, NULL, 'allowed', 259),
('6b86f7e7-bf19-4117-b262-a1221c4ced55', 'qr', '2025-11-19 02:45:01', NULL, 24, 24, NULL, 'allowed', 260),
('6b86f7e7-bf19-4117-b262-a1221c4ced55', 'qr', '2025-11-19 02:45:18', NULL, 24, 24, NULL, 'allowed', 261),
('6b86f7e7-bf19-4117-b262-a1221c4ced55', 'qr', '2025-11-19 02:45:24', NULL, 24, 24, NULL, 'allowed', 262),
('6b86f7e7-bf19-4117-b262-a1221c4ced55', 'qr', '2025-11-19 02:45:30', NULL, 24, 24, NULL, 'allowed', 263),
('6b86f7e7-bf19-4117-b262-a1221c4ced55', 'qr', '2025-11-19 02:45:36', NULL, 24, 24, NULL, 'allowed', 264),
('6b86f7e7-bf19-4117-b262-a1221c4ced55', 'qr', '2025-11-19 02:46:00', NULL, 24, 24, NULL, 'allowed', 265),
('6b86f7e7-bf19-4117-b262-a1221c4ced55', 'qr', '2025-11-19 02:46:12', NULL, 24, 24, NULL, 'allowed', 266),
('6b86f7e7-bf19-4117-b262-a1221c4ced55', 'qr', '2025-11-19 02:46:19', NULL, 24, 24, NULL, 'allowed', 267),
('6b86f7e7-bf19-4117-b262-a1221c4ced55', 'qr', '2025-11-19 02:46:25', NULL, 24, 24, NULL, 'allowed', 268),
('6b86f7e7-bf19-4117-b262-a1221c4ced55', 'qr', '2025-11-19 02:46:43', NULL, 24, 24, NULL, 'denied', 269),
('6b86f7e7-bf19-4117-b262-a1221c4ced55', 'qr', '2025-11-19 02:46:50', NULL, 24, 24, NULL, 'denied', 270),
('6b86f7e7-bf19-4117-b262-a1221c4ced55', 'qr', '2025-11-19 02:47:05', NULL, 24, 24, NULL, 'denied', 271),
('6b86f7e7-bf19-4117-b262-a1221c4ced55', 'qr', '2025-11-19 02:47:11', NULL, 24, 24, NULL, 'denied', 272),
('6b86f7e7-bf19-4117-b262-a1221c4ced55', 'qr', '2025-11-19 02:47:17', NULL, 24, 24, NULL, 'denied', 273),
('6b86f7e7-bf19-4117-b262-a1221c4ced55', 'qr', '2025-11-19 02:47:32', NULL, 24, 24, NULL, 'allowed', 274),
('6b86f7e7-bf19-4117-b262-a1221c4ced55', 'qr', '2025-11-19 02:47:38', NULL, 24, 24, NULL, 'allowed', 275),
('6b86f7e7-bf19-4117-b262-a1221c4ced55', 'qr', '2025-11-19 02:47:44', NULL, 24, 24, NULL, 'allowed', 276),
('6b86f7e7-bf19-4117-b262-a1221c4ced55', 'qr', '2025-11-19 02:47:50', NULL, 24, 24, NULL, 'allowed', 277),
('6b86f7e7-bf19-4117-b262-a1221c4ced55', 'qr', '2025-11-19 02:48:06', NULL, 24, 24, NULL, 'allowed', 278),
('6b86f7e7-bf19-4117-b262-a1221c4ced55', 'qr', '2025-11-19 02:48:20', NULL, 24, 24, NULL, 'allowed', 279),
('6b86f7e7-bf19-4117-b262-a1221c4ced55', 'qr', '2025-11-19 02:53:22', NULL, 24, 24, NULL, 'allowed', 280),
('6b86f7e7-bf19-4117-b262-a1221c4ced55', 'qr', '2025-11-19 02:54:16', NULL, 24, 24, NULL, 'allowed', 281),
('6b86f7e7-bf19-4117-b262-a1221c4ced55', 'qr', '2025-11-19 02:59:36', NULL, 24, 24, NULL, 'allowed', 282),
('6b86f7e7-bf19-4117-b262-a1221c4ced55', 'qr', '2025-11-19 02:59:44', NULL, 24, 24, NULL, 'allowed', 283),
('6b86f7e7-bf19-4117-b262-a1221c4ced55', 'qr', '2025-11-19 02:59:51', NULL, 24, 24, NULL, 'allowed', 284),
('6b86f7e7-bf19-4117-b262-a1221c4ced55', 'qr', '2025-11-19 02:59:59', NULL, 24, 24, NULL, 'allowed', 285),
('6b86f7e7-bf19-4117-b262-a1221c4ced55', 'qr', '2025-11-19 03:00:07', NULL, 24, 24, NULL, 'allowed', 286),
('6b86f7e7-bf19-4117-b262-a1221c4ced55', 'qr', '2025-11-19 03:01:12', NULL, 24, 24, NULL, 'allowed', 287),
('6b86f7e7-bf19-4117-b262-a1221c4ced55', 'qr', '2025-11-19 03:01:18', NULL, 24, 24, NULL, 'allowed', 288),
('6b86f7e7-bf19-4117-b262-a1221c4ced55', 'qr', '2025-11-19 03:01:25', NULL, 24, 24, NULL, 'allowed', 289),
('6b86f7e7-bf19-4117-b262-a1221c4ced55', 'qr', '2025-11-19 03:01:32', NULL, 24, 24, NULL, 'allowed', 290),
('6b86f7e7-bf19-4117-b262-a1221c4ced55', 'qr', '2025-11-19 03:01:51', NULL, 24, 24, NULL, 'allowed', 291),
('6b86f7e7-bf19-4117-b262-a1221c4ced55', 'qr', '2025-11-19 03:02:08', NULL, 24, 24, NULL, 'allowed', 292),
('6b86f7e7-bf19-4117-b262-a1221c4ced55', 'qr', '2025-11-19 03:04:27', NULL, 24, 24, NULL, 'allowed', 293),
('6b86f7e7-bf19-4117-b262-a1221c4ced55', 'qr', '2025-11-19 03:04:33', NULL, 24, 24, NULL, 'allowed', 294),
('6b86f7e7-bf19-4117-b262-a1221c4ced55', 'qr', '2025-11-19 03:04:40', NULL, 24, 24, NULL, 'allowed', 295),
('6b86f7e7-bf19-4117-b262-a1221c4ced55', 'qr', '2025-11-19 03:04:50', NULL, 24, 24, NULL, 'allowed', 296),
('6b86f7e7-bf19-4117-b262-a1221c4ced55', 'qr', '2025-11-19 03:04:57', NULL, 24, 24, NULL, 'allowed', 297),
('6b86f7e7-bf19-4117-b262-a1221c4ced55', 'qr', '2025-11-19 03:05:04', NULL, 24, 24, NULL, 'allowed', 298),
('6b86f7e7-bf19-4117-b262-a1221c4ced55', 'qr', '2025-11-19 03:05:11', NULL, 24, 24, NULL, 'allowed', 299),
('6b86f7e7-bf19-4117-b262-a1221c4ced55', 'qr', '2025-11-19 03:05:30', NULL, 24, 24, NULL, 'denied', 300),
('6b86f7e7-bf19-4117-b262-a1221c4ced55', 'qr', '2025-11-19 03:05:37', NULL, 24, 24, NULL, 'denied', 301),
('6b86f7e7-bf19-4117-b262-a1221c4ced55', 'qr', '2025-11-19 03:05:43', NULL, 24, 24, NULL, 'denied', 302),
('6b86f7e7-bf19-4117-b262-a1221c4ced55', 'qr', '2025-11-19 03:06:41', NULL, 24, 24, NULL, 'denied', 303),
('6b86f7e7-bf19-4117-b262-a1221c4ced55', 'qr', '2025-11-19 03:06:48', NULL, 24, 24, NULL, 'denied', 304),
('6b86f7e7-bf19-4117-b262-a1221c4ced55', 'qr', '2025-11-19 03:06:54', NULL, 24, 24, NULL, 'denied', 305),
('6b86f7e7-bf19-4117-b262-a1221c4ced55', 'qr', '2025-11-19 03:07:01', NULL, 24, 24, NULL, 'denied', 306),
('6b86f7e7-bf19-4117-b262-a1221c4ced55', 'qr', '2025-11-19 03:07:19', NULL, 24, 24, NULL, 'allowed', 307),
('6b86f7e7-bf19-4117-b262-a1221c4ced55', 'qr', '2025-11-19 03:07:41', NULL, 24, 24, NULL, 'allowed', 308),
('6b86f7e7-bf19-4117-b262-a1221c4ced55', 'qr', '2025-11-19 03:07:48', NULL, 24, 24, NULL, 'allowed', 309),
('6b86f7e7-bf19-4117-b262-a1221c4ced55', 'qr', '2025-11-19 03:07:55', NULL, 24, 24, NULL, 'allowed', 310),
('6b86f7e7-bf19-4117-b262-a1221c4ced55', 'qr', '2025-11-19 03:08:02', NULL, 24, 24, NULL, 'allowed', 311),
('6b86f7e7-bf19-4117-b262-a1221c4ced55', 'qr', '2025-11-19 03:08:10', NULL, 24, 24, NULL, 'allowed', 312),
('6b86f7e7-bf19-4117-b262-a1221c4ced55', 'qr', '2025-11-19 03:08:17', NULL, 24, 24, NULL, 'allowed', 313),
('6b86f7e7-bf19-4117-b262-a1221c4ced55', 'qr', '2025-11-19 03:08:48', NULL, 24, 24, NULL, 'allowed', 314),
('6b86f7e7-bf19-4117-b262-a1221c4ced55', 'qr', '2025-11-19 03:08:57', NULL, 24, 24, NULL, 'allowed', 315),
('6b86f7e7-bf19-4117-b262-a1221c4ced55', 'qr', '2025-11-19 03:09:10', NULL, 24, 24, NULL, 'allowed', 316),
('6b86f7e7-bf19-4117-b262-a1221c4ced55', 'qr', '2025-11-19 03:09:37', NULL, 24, 24, NULL, 'allowed', 317),
('6b86f7e7-bf19-4117-b262-a1221c4ced55', 'qr', '2025-11-19 03:09:55', NULL, 24, 24, NULL, 'denied', 318),
('6b86f7e7-bf19-4117-b262-a1221c4ced55', 'qr', '2025-11-19 03:10:01', NULL, 24, 24, NULL, 'denied', 319),
('6b86f7e7-bf19-4117-b262-a1221c4ced55', 'qr', '2025-11-19 03:10:21', NULL, 24, 24, NULL, 'denied', 320),
('6b86f7e7-bf19-4117-b262-a1221c4ced55', 'qr', '2025-11-19 03:10:33', NULL, 24, 24, NULL, 'denied', 321),
('6b86f7e7-bf19-4117-b262-a1221c4ced55', 'qr', '2025-11-19 03:10:39', NULL, 24, 24, NULL, 'denied', 322),
('6b86f7e7-bf19-4117-b262-a1221c4ced55', 'qr', '2025-11-19 03:10:45', NULL, 24, 24, NULL, 'denied', 323),
('6b86f7e7-bf19-4117-b262-a1221c4ced55', 'qr', '2025-11-19 03:10:52', NULL, 24, 24, NULL, 'denied', 324),
('6b86f7e7-bf19-4117-b262-a1221c4ced55', 'qr', '2025-11-23 17:54:28', NULL, 2, 2, NULL, 'denied', 325),
('6b86f7e7-bf19-4117-b262-a1221c4ced55', 'qr', '2025-11-23 17:54:35', NULL, 2, 2, NULL, 'denied', 326),
('6b86f7e7-bf19-4117-b262-a1221c4ced55', 'qr', '2025-11-23 18:07:09', NULL, 1, 1, NULL, 'allowed', 327),
('6b86f7e7-bf19-4117-b262-a1221c4ced55', 'qr', '2025-11-23 18:07:18', NULL, 1, 1, NULL, 'allowed', 328),
('6b86f7e7-bf19-4117-b262-a1221c4ced55', 'qr', '2025-11-23 18:07:25', NULL, 1, 1, NULL, 'allowed', 329),
('6b86f7e7-bf19-4117-b262-a1221c4ced55', 'qr', '2025-11-23 18:07:33', NULL, 1, 1, NULL, 'allowed', 330),
('6b86f7e7-bf19-4117-b262-a1221c4ced55', 'qr', '2025-11-23 18:07:40', NULL, 1, 1, NULL, 'allowed', 331),
('6b86f7e7-bf19-4117-b262-a1221c4ced55', 'qr', '2025-11-23 18:11:20', NULL, 1, 1, NULL, 'allowed', 332),
('6b86f7e7-bf19-4117-b262-a1221c4ced55', 'qr', '2025-11-23 18:11:27', NULL, 1, 1, NULL, 'allowed', 333),
('6b86f7e7-bf19-4117-b262-a1221c4ced55', 'qr', '2025-11-23 18:12:20', NULL, 1, 1, NULL, 'allowed', 334),
('6b86f7e7-bf19-4117-b262-a1221c4ced55', 'qr', '2025-11-23 18:12:50', NULL, 1, 1, NULL, 'denied', 335),
('6b86f7e7-bf19-4117-b262-a1221c4ced55', 'qr', '2025-11-23 18:12:57', NULL, 1, 1, NULL, 'denied', 336),
('6b86f7e7-bf19-4117-b262-a1221c4ced55', 'qr', '2025-11-23 18:13:04', NULL, 1, 1, NULL, 'denied', 337),
('6b86f7e7-bf19-4117-b262-a1221c4ced55', 'qr', '2025-11-23 18:16:03', NULL, 1, 1, NULL, 'denied', 338),
('6b86f7e7-bf19-4117-b262-a1221c4ced55', 'qr', '2025-11-23 18:16:10', NULL, 1, 1, NULL, 'denied', 339),
('6b86f7e7-bf19-4117-b262-a1221c4ced55', 'qr', '2025-11-23 18:18:35', NULL, 1, 1, NULL, 'denied', 340),
('2d9ce2e0-b172-4756-8c92-c647e3f0a649', 'nfc', '2025-11-24 09:51:47', 2, 24, 24, NULL, 'denied', 341);

-- --------------------------------------------------------

--
-- Volcado de datos para la tabla `blacklist_token`
--

INSERT INTO `blacklist_token` (`user_id`, `token`, `created_at`, `expires_at`) VALUES
('6b86f7e7-bf19-4117-b262-a1221c4ced55', 'eyJhbGciOiJIUzI1NiIsInR5cCI6IkpXVCJ9.eyJzdWIiOiI2Yjg2ZjdlNy1iZjE5LTQxMTctYjI2Mi1hMTIyMWM0Y2VkNTUiLCJlbWFpbCI6ImZyYW1vbmRvQGd2YS5lcyIsInJvbGVzIjpbInRlYWNoZXIiXSwidG9rZW5WZXJzaW9uIjo2LCJpYXQiOjE3NjMzMzA5NDUsImV4cCI6MTc2MzkzNTc0NX0.tzMiRBhyL-7o_b386Mib7gf3V_XCwP_dlML1PIqAz1Y', '2025-11-16 23:09:28', '2025-11-23 23:09:05'),
('6b86f7e7-bf19-4117-b262-a1221c4ced55', 'eyJhbGciOiJIUzI1NiIsInR5cCI6IkpXVCJ9.eyJzdWIiOiI2Yjg2ZjdlNy1iZjE5LTQxMTctYjI2Mi1hMTIyMWM0Y2VkNTUiLCJlbWFpbCI6ImZyYW1vbmRvQGd2YS5lcyIsInJvbGVzIjpbInRlYWNoZXIiXSwidG9rZW5WZXJzaW9uIjo2LCJpYXQiOjE3NjMzMzEzMDYsImV4cCI6MTc2MzkzNjEwNn0.biStW9vJcOsZs5T6PCLJmZiV8WFdd38MlDo3mdomJXE', '2025-11-16 23:15:09', '2025-11-23 23:15:06'),
('6b86f7e7-bf19-4117-b262-a1221c4ced55', 'eyJhbGciOiJIUzI1NiIsInR5cCI6IkpXVCJ9.eyJzdWIiOiI2Yjg2ZjdlNy1iZjE5LTQxMTctYjI2Mi1hMTIyMWM0Y2VkNTUiLCJlbWFpbCI6ImZyYW1vbmRvQGd2YS5lcyIsInJvbGVzIjpbInRlYWNoZXIiXSwidG9rZW5WZXJzaW9uIjo2LCJpYXQiOjE3NjMzMzEzNTUsImV4cCI6MTc2MzkzNjE1NX0.bPKNMPL5wL0-bjM48eJwLyaFjCyQzhk370CIGrmIZjo', '2025-11-16 23:16:02', '2025-11-23 23:15:55'),
('6b86f7e7-bf19-4117-b262-a1221c4ced55', 'eyJhbGciOiJIUzI1NiIsInR5cCI6IkpXVCJ9.eyJzdWIiOiI2Yjg2ZjdlNy1iZjE5LTQxMTctYjI2Mi1hMTIyMWM0Y2VkNTUiLCJlbWFpbCI6ImZyYW1vbmRvQGd2YS5lcyIsInJvbGVzIjpbInRlYWNoZXIiXSwidG9rZW5WZXJzaW9uIjo2LCJpYXQiOjE3NjMzMzEzNzcsImV4cCI6MTc2MzkzNjE3N30.m-PT71aHmapkz798SbP1TMju1prWYXVsHuhkvokB8Us', '2025-11-16 23:31:44', '2025-11-23 23:16:17'),
('6b86f7e7-bf19-4117-b262-a1221c4ced55', 'eyJhbGciOiJIUzI1NiIsInR5cCI6IkpXVCJ9.eyJzdWIiOiI2Yjg2ZjdlNy1iZjE5LTQxMTctYjI2Mi1hMTIyMWM0Y2VkNTUiLCJlbWFpbCI6ImZyYW1vbmRvQGd2YS5lcyIsInJvbGVzIjpbInRlYWNoZXIiXSwidG9rZW5WZXJzaW9uIjo2LCJpYXQiOjE3NjMzMzgwNzIsImV4cCI6MTc2Mzk0Mjg3Mn0.tw4IZERHaikBZACcRVJIxAaploMQhKY3SvoaqUTfAsg', '2025-11-17 01:08:01', '2025-11-24 01:07:52'),
('6b86f7e7-bf19-4117-b262-a1221c4ced55', 'eyJhbGciOiJIUzI1NiIsInR5cCI6IkpXVCJ9.eyJzdWIiOiI2Yjg2ZjdlNy1iZjE5LTQxMTctYjI2Mi1hMTIyMWM0Y2VkNTUiLCJlbWFpbCI6ImZyYW1vbmRvQGd2YS5lcyIsInJvbGVzIjpbInRlYWNoZXIiXSwidG9rZW5WZXJzaW9uIjo2LCJpYXQiOjE3NjMzMzI0NzEsImV4cCI6MTc2MzkzNzI3MX0.ZNYzqPDfkyoL1AihE0gXbBgmEL6hkaBy_N32jw5253M', '2025-11-16 23:34:42', '2025-11-23 23:34:31'),
('6b86f7e7-bf19-4117-b262-a1221c4ced55', 'eyJhbGciOiJIUzI1NiIsInR5cCI6IkpXVCJ9.eyJzdWIiOiI2Yjg2ZjdlNy1iZjE5LTQxMTctYjI2Mi1hMTIyMWM0Y2VkNTUiLCJlbWFpbCI6ImZyYW1vbmRvQGd2YS5lcyIsInJvbGVzIjpbInRlYWNoZXIiXSwidG9rZW5WZXJzaW9uIjo2LCJpYXQiOjE3NjMzMzI0OTIsImV4cCI6MTc2MzkzNzI5Mn0.u693lUimauMkKfg26-aJwVAQWNTdT6djLGoulSHl9SE', '2025-11-16 23:42:10', '2025-11-23 23:34:52'),
('6b86f7e7-bf19-4117-b262-a1221c4ced55', 'eyJhbGciOiJIUzI1NiIsInR5cCI6IkpXVCJ9.eyJzdWIiOiI2Yjg2ZjdlNy1iZjE5LTQxMTctYjI2Mi1hMTIyMWM0Y2VkNTUiLCJlbWFpbCI6ImZyYW1vbmRvQGd2YS5lcyIsInJvbGVzIjpbInRlYWNoZXIiXSwidG9rZW5WZXJzaW9uIjo2LCJpYXQiOjE3NjMzMzI5NDAsImV4cCI6MTc2MzkzNzc0MH0.99D7peIo2ZhNdWHbIPRr36XBd5yfzssnkZ6T0JGVYzo', '2025-11-16 23:42:34', '2025-11-23 23:42:20'),
('6b86f7e7-bf19-4117-b262-a1221c4ced55', 'eyJhbGciOiJIUzI1NiIsInR5cCI6IkpXVCJ9.eyJzdWIiOiI2Yjg2ZjdlNy1iZjE5LTQxMTctYjI2Mi1hMTIyMWM0Y2VkNTUiLCJlbWFpbCI6ImZyYW1vbmRvQGd2YS5lcyIsInJvbGVzIjpbInRlYWNoZXIiXSwidG9rZW5WZXJzaW9uIjo2LCJpYXQiOjE3NjMzMzI5NjUsImV4cCI6MTc2MzkzNzc2NX0.RqNNA7De2YynQpAQN4RBBYCW1NPSSKdS6WmQ4B6HmDY', '2025-11-16 23:51:10', '2025-11-23 23:42:45'),
('6b86f7e7-bf19-4117-b262-a1221c4ced55', 'eyJhbGciOiJIUzI1NiIsInR5cCI6IkpXVCJ9.eyJzdWIiOiI2Yjg2ZjdlNy1iZjE5LTQxMTctYjI2Mi1hMTIyMWM0Y2VkNTUiLCJlbWFpbCI6ImZyYW1vbmRvQGd2YS5lcyIsInJvbGVzIjpbInRlYWNoZXIiXSwidG9rZW5WZXJzaW9uIjo2LCJpYXQiOjE3NjMzMzIzMjEsImV4cCI6MTc2MzkzNzEyMX0.Yrmohn0p6l_EAd8PcBYWpJzFmxrFY6CV2F8u4vQewgg', '2025-11-16 23:34:11', '2025-11-23 23:32:01'),
('6b86f7e7-bf19-4117-b262-a1221c4ced55', 'eyJhbGciOiJIUzI1NiIsInR5cCI6IkpXVCJ9.eyJzdWIiOiI2Yjg2ZjdlNy1iZjE5LTQxMTctYjI2Mi1hMTIyMWM0Y2VkNTUiLCJlbWFpbCI6ImZyYW1vbmRvQGd2YS5lcyIsInJvbGVzIjpbInRlYWNoZXIiXSwidG9rZW5WZXJzaW9uIjo2LCJpYXQiOjE3NjMzMzM0ODIsImV4cCI6MTc2MzkzODI4Mn0.BIYuCDtc1rFRyPIHlmbiIxXUCPBnjIJpXlF9MUZ5TIU', '2025-11-16 23:56:22', '2025-11-23 23:51:22'),
('6b86f7e7-bf19-4117-b262-a1221c4ced55', 'eyJhbGciOiJIUzI1NiIsInR5cCI6IkpXVCJ9.eyJzdWIiOiI2Yjg2ZjdlNy1iZjE5LTQxMTctYjI2Mi1hMTIyMWM0Y2VkNTUiLCJlbWFpbCI6ImZyYW1vbmRvQGd2YS5lcyIsInJvbGVzIjpbInRlYWNoZXIiXSwidG9rZW5WZXJzaW9uIjo2LCJpYXQiOjE3NjMzMzM3OTgsImV4cCI6MTc2MzkzODU5OH0.bi0BvwDcxL6f58QZ06Sz7iMguLTgrNbmdJ7Yeny0d2o', '2025-11-17 00:08:18', '2025-11-23 23:56:38'),
('6b86f7e7-bf19-4117-b262-a1221c4ced55', 'eyJhbGciOiJIUzI1NiIsInR5cCI6IkpXVCJ9.eyJzdWIiOiI2Yjg2ZjdlNy1iZjE5LTQxMTctYjI2Mi1hMTIyMWM0Y2VkNTUiLCJlbWFpbCI6ImZyYW1vbmRvQGd2YS5lcyIsInJvbGVzIjpbInRlYWNoZXIiXSwidG9rZW5WZXJzaW9uIjo2LCJpYXQiOjE3NjMzMzQ1MjcsImV4cCI6MTc2MzkzOTMyN30.9TTpbkN7NsblSp-SSXTUMFctZIvvDX2ZwS31LIWSZq4', '2025-11-17 00:09:21', '2025-11-24 00:08:47'),
('6b86f7e7-bf19-4117-b262-a1221c4ced55', 'eyJhbGciOiJIUzI1NiIsInR5cCI6IkpXVCJ9.eyJzdWIiOiI2Yjg2ZjdlNy1iZjE5LTQxMTctYjI2Mi1hMTIyMWM0Y2VkNTUiLCJlbWFpbCI6ImZyYW1vbmRvQGd2YS5lcyIsInJvbGVzIjpbInRlYWNoZXIiXSwidG9rZW5WZXJzaW9uIjo2LCJpYXQiOjE3NjMzMzQ1NzMsImV4cCI6MTc2MzkzOTM3M30.L8mND6iGsBd4K0pZxfeKgKcJlfdK2MkO5yvWT2WpyfY', '2025-11-17 00:14:13', '2025-11-24 00:09:33'),
('6b86f7e7-bf19-4117-b262-a1221c4ced55', 'eyJhbGciOiJIUzI1NiIsInR5cCI6IkpXVCJ9.eyJzdWIiOiI2Yjg2ZjdlNy1iZjE5LTQxMTctYjI2Mi1hMTIyMWM0Y2VkNTUiLCJlbWFpbCI6ImZyYW1vbmRvQGd2YS5lcyIsInJvbGVzIjpbInRlYWNoZXIiXSwidG9rZW5WZXJzaW9uIjo2LCJpYXQiOjE3NjMzNDA5NzksImV4cCI6MTc2Mzk0NTc3OX0.yAb1SDGR1uTHgrDSFjuKhFIJYmhirejCSFx3q-rNo4k', '2025-11-17 01:56:26', '2025-11-24 01:56:19'),
('6b86f7e7-bf19-4117-b262-a1221c4ced55', 'eyJhbGciOiJIUzI1NiIsInR5cCI6IkpXVCJ9.eyJzdWIiOiI2Yjg2ZjdlNy1iZjE5LTQxMTctYjI2Mi1hMTIyMWM0Y2VkNTUiLCJlbWFpbCI6ImZyYW1vbmRvQGd2YS5lcyIsInJvbGVzIjpbInRlYWNoZXIiXSwidG9rZW5WZXJzaW9uIjo2LCJpYXQiOjE3NjMzNDI0NTYsImV4cCI6MTc2Mzk0NzI1Nn0.au0ZNHoUEQHxhkft2gKRGHwztAUomqtJMlrL6bBEuLA', '2025-11-17 02:21:01', '2025-11-24 02:20:56'),
('6b86f7e7-bf19-4117-b262-a1221c4ced55', 'eyJhbGciOiJIUzI1NiIsInR5cCI6IkpXVCJ9.eyJzdWIiOiI2Yjg2ZjdlNy1iZjE5LTQxMTctYjI2Mi1hMTIyMWM0Y2VkNTUiLCJlbWFpbCI6ImZyYW1vbmRvQGd2YS5lcyIsInJvbGVzIjpbInRlYWNoZXIiXSwidG9rZW5WZXJzaW9uIjo2LCJpYXQiOjE3NjMzNDI1MTEsImV4cCI6MTc2Mzk0NzMxMX0.qT8ksh9TXkGgWjJvvikF_h9xWo-uS61Kph08YLEVuxw', '2025-11-17 02:21:57', '2025-11-24 02:21:51'),
('6b86f7e7-bf19-4117-b262-a1221c4ced55', 'eyJhbGciOiJIUzI1NiIsInR5cCI6IkpXVCJ9.eyJzdWIiOiI2Yjg2ZjdlNy1iZjE5LTQxMTctYjI2Mi1hMTIyMWM0Y2VkNTUiLCJlbWFpbCI6ImZyYW1vbmRvQGd2YS5lcyIsInJvbGVzIjpbInRlYWNoZXIiXSwidG9rZW5WZXJzaW9uIjo2LCJpYXQiOjE3NjMzNDI3NzksImV4cCI6MTc2Mzk0NzU3OX0.MjimcoY9a_wtWAKwbR1GEuDPwZiYA6gTNwyUJnU3cfI', '2025-11-17 02:26:25', '2025-11-24 02:26:19'),
('6b86f7e7-bf19-4117-b262-a1221c4ced55', 'eyJhbGciOiJIUzI1NiIsInR5cCI6IkpXVCJ9.eyJzdWIiOiI2Yjg2ZjdlNy1iZjE5LTQxMTctYjI2Mi1hMTIyMWM0Y2VkNTUiLCJlbWFpbCI6ImZyYW1vbmRvQGd2YS5lcyIsInJvbGVzIjpbInRlYWNoZXIiXSwidG9rZW5WZXJzaW9uIjo2LCJpYXQiOjE3NjMzNjE4ODcsImV4cCI6MTc2Mzk2NjY4N30.stmBAvtWrTpSBHTHf26HcPMWG8x1XeMfPbmgIiLOvfY', '2025-11-17 07:48:39', '2025-11-24 07:44:47'),
('6b86f7e7-bf19-4117-b262-a1221c4ced55', 'eyJhbGciOiJIUzI1NiIsInR5cCI6IkpXVCJ9.eyJzdWIiOiI2Yjg2ZjdlNy1iZjE5LTQxMTctYjI2Mi1hMTIyMWM0Y2VkNTUiLCJlbWFpbCI6ImZyYW1vbmRvQGd2YS5lcyIsInJvbGVzIjpbInRlYWNoZXIiXSwidG9rZW5WZXJzaW9uIjo2LCJpYXQiOjE3NjMzNjIxNDQsImV4cCI6MTc2Mzk2Njk0NH0.gjM03MqXGoVFnzmDbw40umXg2RDmyg4-Zc-SFA0JJ1g', '2025-11-17 07:51:20', '2025-11-24 07:49:04'),
('6b86f7e7-bf19-4117-b262-a1221c4ced55', 'eyJhbGciOiJIUzI1NiIsInR5cCI6IkpXVCJ9.eyJzdWIiOiI2Yjg2ZjdlNy1iZjE5LTQxMTctYjI2Mi1hMTIyMWM0Y2VkNTUiLCJlbWFpbCI6ImZyYW1vbmRvQGd2YS5lcyIsInJvbGVzIjpbInRlYWNoZXIiXSwidG9rZW5WZXJzaW9uIjo2LCJpYXQiOjE3NjMzNjIyOTcsImV4cCI6MTc2Mzk2NzA5N30.5Jb3sKOLLaLC2LjWgvJ7e5z2GIa6uk-GLPtTUJw5hn8', '2025-11-17 10:09:13', '2025-11-24 07:51:37'),
('6b86f7e7-bf19-4117-b262-a1221c4ced55', 'eyJhbGciOiJIUzI1NiIsInR5cCI6IkpXVCJ9.eyJzdWIiOiI2Yjg2ZjdlNy1iZjE5LTQxMTctYjI2Mi1hMTIyMWM0Y2VkNTUiLCJlbWFpbCI6ImZyYW1vbmRvQGd2YS5lcyIsInJvbGVzIjpbInRlYWNoZXIiXSwidG9rZW5WZXJzaW9uIjo3LCJpYXQiOjE3NjMzNzA3NTQsImV4cCI6MTc2Mzk3NTU1NH0.slR5dfeS05ozrdp5symwdC80JRhaCamiCqZ94QxMPG8', '2025-11-17 12:33:10', '2025-11-24 10:12:34'),
('6b86f7e7-bf19-4117-b262-a1221c4ced55', 'eyJhbGciOiJIUzI1NiIsInR5cCI6IkpXVCJ9.eyJzdWIiOiI2Yjg2ZjdlNy1iZjE5LTQxMTctYjI2Mi1hMTIyMWM0Y2VkNTUiLCJlbWFpbCI6ImZyYW1vbmRvQGd2YS5lcyIsInJvbGVzIjpbInRlYWNoZXIiXSwidG9rZW5WZXJzaW9uIjo4LCJpYXQiOjE3NjMzNzkyMDYsImV4cCI6MTc2Mzk4NDAwNn0.dd5-yHJNBlvQj7SbG_n4gWmGRFpnlQjG-z_A4SUwDE0', '2025-11-17 12:35:38', '2025-11-24 12:33:26'),
('6b86f7e7-bf19-4117-b262-a1221c4ced55', 'eyJhbGciOiJIUzI1NiIsInR5cCI6IkpXVCJ9.eyJzdWIiOiI2Yjg2ZjdlNy1iZjE5LTQxMTctYjI2Mi1hMTIyMWM0Y2VkNTUiLCJlbWFpbCI6ImZyYW1vbmRvQGd2YS5lcyIsInJvbGVzIjpbInRlYWNoZXIiXSwidG9rZW5WZXJzaW9uIjo5LCJpYXQiOjE3NjMzNzk5MjMsImV4cCI6MTc2Mzk4NDcyM30.v3-_1XQDm8dt3olBkfOJ-lL7Wmn2WBmvV52amzmEHZU', '2025-11-17 14:45:12', '2025-11-24 12:45:23'),
('6b86f7e7-bf19-4117-b262-a1221c4ced55', 'eyJhbGciOiJIUzI1NiIsInR5cCI6IkpXVCJ9.eyJzdWIiOiI2Yjg2ZjdlNy1iZjE5LTQxMTctYjI2Mi1hMTIyMWM0Y2VkNTUiLCJlbWFpbCI6ImZyYW1vbmRvQGd2YS5lcyIsInJvbGVzIjpbInRlYWNoZXIiXSwidG9rZW5WZXJzaW9uIjo5LCJpYXQiOjE3NjMzNzkzNTMsImV4cCI6MTc2Mzk4NDE1M30.IAsR6sErHLk5Dr1TmxEbUia9al9F5eRW4QxR7OdD-QQ', '2025-11-17 12:44:59', '2025-11-24 12:35:53'),
('6b86f7e7-bf19-4117-b262-a1221c4ced55', 'eyJhbGciOiJIUzI1NiIsInR5cCI6IkpXVCJ9.eyJzdWIiOiI2Yjg2ZjdlNy1iZjE5LTQxMTctYjI2Mi1hMTIyMWM0Y2VkNTUiLCJlbWFpbCI6ImZyYW1vbmRvQGd2YS5lcyIsInJvbGVzIjpbInRlYWNoZXIiXSwidG9rZW5WZXJzaW9uIjo5LCJpYXQiOjE3NjMzODc4MzEsImV4cCI6MTc2Mzk5MjYzMX0.5zTANoYYT18C0d7btDTu4hR2oE0TfDOaqbKupYb3pbE', '2025-11-17 15:28:54', '2025-11-24 14:57:11'),
('6b86f7e7-bf19-4117-b262-a1221c4ced55', 'eyJhbGciOiJIUzI1NiIsInR5cCI6IkpXVCJ9.eyJzdWIiOiI2Yjg2ZjdlNy1iZjE5LTQxMTctYjI2Mi1hMTIyMWM0Y2VkNTUiLCJlbWFpbCI6ImZyYW1vbmRvQGd2YS5lcyIsInJvbGVzIjpbInRlYWNoZXIiXSwidG9rZW5WZXJzaW9uIjo5LCJpYXQiOjE3NjMzODcxMzYsImV4cCI6MTc2Mzk5MTkzNn0.0VqiMRgtFvaVHUPzKQi1SMe1lWaxgupfq7uywi0WOHU', '2025-11-17 14:56:53', '2025-11-24 14:45:36'),
('6b86f7e7-bf19-4117-b262-a1221c4ced55', 'eyJhbGciOiJIUzI1NiIsInR5cCI6IkpXVCJ9.eyJzdWIiOiI2Yjg2ZjdlNy1iZjE5LTQxMTctYjI2Mi1hMTIyMWM0Y2VkNTUiLCJlbWFpbCI6ImZyYW1vbmRvQGd2YS5lcyIsInJvbGVzIjpbInRlYWNoZXIiXSwidG9rZW5WZXJzaW9uIjoxMCwiaWF0IjoxNzYzMzg5NzQ2LCJleHAiOjE3NjM5OTQ1NDZ9.UFpS_bAWNB5CYTC2XhjX7Qc186WveaBA7QPsfqDImOg', '2025-11-17 21:08:15', '2025-11-24 15:29:06'),
('6b86f7e7-bf19-4117-b262-a1221c4ced55', 'eyJhbGciOiJIUzI1NiIsInR5cCI6IkpXVCJ9.eyJzdWIiOiI2Yjg2ZjdlNy1iZjE5LTQxMTctYjI2Mi1hMTIyMWM0Y2VkNTUiLCJlbWFpbCI6ImZyYW1vbmRvQGd2YS5lcyIsInJvbGVzIjpbInRlYWNoZXIiXSwidG9rZW5WZXJzaW9uIjoxMCwiaWF0IjoxNzYzNDEwMTE0LCJleHAiOjE3NjQwMTQ5MTR9.nFkmmer-mLi0cFtmg0QKK9HM9la42HQ0_7mjPaEujAI', '2025-11-17 21:23:16', '2025-11-24 21:08:34'),
('6b86f7e7-bf19-4117-b262-a1221c4ced55', 'eyJhbGciOiJIUzI1NiIsInR5cCI6IkpXVCJ9.eyJzdWIiOiI2Yjg2ZjdlNy1iZjE5LTQxMTctYjI2Mi1hMTIyMWM0Y2VkNTUiLCJlbWFpbCI6ImZyYW1vbmRvQGd2YS5lcyIsInJvbGVzIjpbInRlYWNoZXIiXSwidG9rZW5WZXJzaW9uIjoxMCwiaWF0IjoxNzYzNDExMDM2LCJleHAiOjE3NjQwMTU4MzZ9.4zumCfIdYZFPUeHT41heqjBY7955rGzPDABXkuYYNoA', '2025-11-17 21:23:59', '2025-11-24 21:23:56'),
('6b86f7e7-bf19-4117-b262-a1221c4ced55', 'eyJhbGciOiJIUzI1NiIsInR5cCI6IkpXVCJ9.eyJzdWIiOiI2Yjg2ZjdlNy1iZjE5LTQxMTctYjI2Mi1hMTIyMWM0Y2VkNTUiLCJlbWFpbCI6ImZyYW1vbmRvQGd2YS5lcyIsInJvbGVzIjpbInRlYWNoZXIiXSwidG9rZW5WZXJzaW9uIjoxMCwiaWF0IjoxNzYzNDU0NDUyLCJleHAiOjE3NjQwNTkyNTJ9.8U7CdO9THAY3pMDya5Hwt1J0bqRU6_Tbvb40i47utTQ', '2025-11-18 09:31:09', '2025-11-25 09:27:32'),
('6b86f7e7-bf19-4117-b262-a1221c4ced55', 'eyJhbGciOiJIUzI1NiIsInR5cCI6IkpXVCJ9.eyJzdWIiOiI2Yjg2ZjdlNy1iZjE5LTQxMTctYjI2Mi1hMTIyMWM0Y2VkNTUiLCJlbWFpbCI6ImZyYW1vbmRvQGd2YS5lcyIsInJvbGVzIjpbInRlYWNoZXIiXSwidG9rZW5WZXJzaW9uIjoxMCwiaWF0IjoxNzYzNDU0NzQ5LCJleHAiOjE3NjQwNTk1NDl9.Rn34f91KvO4Fc9AFYeLIbAmh0NPJrJdhWGgG6nDMGDc', '2025-11-18 09:36:20', '2025-11-25 09:32:29'),
('6b86f7e7-bf19-4117-b262-a1221c4ced55', 'eyJhbGciOiJIUzI1NiIsInR5cCI6IkpXVCJ9.eyJzdWIiOiI2Yjg2ZjdlNy1iZjE5LTQxMTctYjI2Mi1hMTIyMWM0Y2VkNTUiLCJlbWFpbCI6ImZyYW1vbmRvQGd2YS5lcyIsInJvbGVzIjpbInRlYWNoZXIiXSwidG9rZW5WZXJzaW9uIjoxMiwiaWF0IjoxNzYzNDk4NDMzLCJleHAiOjE3NjQxMDMyMzN9.xf9XUxcF_uO6l4jGYu4zkd-waW-K4s-Nls7lbwymwcY', '2025-11-22 17:00:51', '2025-11-25 21:40:33'),
('6b86f7e7-bf19-4117-b262-a1221c4ced55', 'eyJhbGciOiJIUzI1NiIsInR5cCI6IkpXVCJ9.eyJzdWIiOiI2Yjg2ZjdlNy1iZjE5LTQxMTctYjI2Mi1hMTIyMWM0Y2VkNTUiLCJlbWFpbCI6ImZyYW1vbmRvQGd2YS5lcyIsInJvbGVzIjpbInRlYWNoZXIiXSwidG9rZW5WZXJzaW9uIjoxMiwiaWF0IjoxNzYzNDU4MzE2LCJleHAiOjE3NjQwNjMxMTZ9.KtFb20BMztajmpijnT9HrL_IAeN8Z4bD-w5Mo9-7Yw0', '2025-11-18 10:55:04', '2025-11-25 10:31:56'),
('6b86f7e7-bf19-4117-b262-a1221c4ced55', 'eyJhbGciOiJIUzI1NiIsInR5cCI6IkpXVCJ9.eyJzdWIiOiI2Yjg2ZjdlNy1iZjE5LTQxMTctYjI2Mi1hMTIyMWM0Y2VkNTUiLCJlbWFpbCI6ImZyYW1vbmRvQGd2YS5lcyIsInJvbGVzIjpbInRlYWNoZXIiXSwidG9rZW5WZXJzaW9uIjoxMiwiaWF0IjoxNzYzNDU5NzIwLCJleHAiOjE3NjQwNjQ1MjB9.0orEmAXrXBIPWPr7pkw16g8a5hYw2cWuDebnBZZi4xA', '2025-11-18 10:58:32', '2025-11-25 10:55:20'),
('6b86f7e7-bf19-4117-b262-a1221c4ced55', 'eyJhbGciOiJIUzI1NiIsInR5cCI6IkpXVCJ9.eyJzdWIiOiI2Yjg2ZjdlNy1iZjE5LTQxMTctYjI2Mi1hMTIyMWM0Y2VkNTUiLCJlbWFpbCI6ImZyYW1vbmRvQGd2YS5lcyIsInJvbGVzIjpbInRlYWNoZXIiXSwidG9rZW5WZXJzaW9uIjoxMiwiaWF0IjoxNzYzNDU5OTI5LCJleHAiOjE3NjQwNjQ3Mjl9.J39VMWn4vx14I2cvvN4439-q25_fHg43LKnj26NayJ0', '2025-11-18 22:47:53', '2025-11-25 10:58:49'),
('6b86f7e7-bf19-4117-b262-a1221c4ced55', 'eyJhbGciOiJIUzI1NiIsInR5cCI6IkpXVCJ9.eyJzdWIiOiI2Yjg2ZjdlNy1iZjE5LTQxMTctYjI2Mi1hMTIyMWM0Y2VkNTUiLCJlbWFpbCI6ImZyYW1vbmRvQGd2YS5lcyIsInJvbGVzIjpbInRlYWNoZXIiXSwidG9rZW5WZXJzaW9uIjoxMiwiaWF0IjoxNzYzNTA4NDM5LCJleHAiOjE3NjQxMTMyMzl9.1-QY3Jis9VBZWfv3v3Nh8HThWmiWkzUraFGDgSS7BOQ', '2025-11-19 01:49:53', '2025-11-26 00:27:19'),
('6b86f7e7-bf19-4117-b262-a1221c4ced55', 'eyJhbGciOiJIUzI1NiIsInR5cCI6IkpXVCJ9.eyJzdWIiOiI2Yjg2ZjdlNy1iZjE5LTQxMTctYjI2Mi1hMTIyMWM0Y2VkNTUiLCJlbWFpbCI6ImZyYW1vbmRvQGd2YS5lcyIsInJvbGVzIjpbInRlYWNoZXIiXSwidG9rZW5WZXJzaW9uIjoxMiwiaWF0IjoxNzYzNTAyNDg5LCJleHAiOjE3NjQxMDcyODl9.CstB3L26rGmw7GGC5IoJ_WNA4x8-ZTQZPslv295C65o', '2025-11-19 00:27:06', '2025-11-25 22:48:09'),
('6b86f7e7-bf19-4117-b262-a1221c4ced55', 'eyJhbGciOiJIUzI1NiIsInR5cCI6IkpXVCJ9.eyJzdWIiOiI2Yjg2ZjdlNy1iZjE5LTQxMTctYjI2Mi1hMTIyMWM0Y2VkNTUiLCJlbWFpbCI6ImZyYW1vbmRvQGd2YS5lcyIsInJvbGVzIjpbInRlYWNoZXIiXSwidG9rZW5WZXJzaW9uIjoxMiwiaWF0IjoxNzYzNTEzNTEzLCJleHAiOjE3NjQxMTgzMTN9.bNNR7ICrUcMvViPITPeI-_mUlARknH7-76PUvxSiv4s', '2025-11-23 18:49:55', '2025-11-26 01:51:53'),
('6b86f7e7-bf19-4117-b262-a1221c4ced55', 'eyJhbGciOiJIUzI1NiIsInR5cCI6IkpXVCJ9.eyJzdWIiOiI2Yjg2ZjdlNy1iZjE5LTQxMTctYjI2Mi1hMTIyMWM0Y2VkNTUiLCJlbWFpbCI6ImZyYW1vbmRvQGd2YS5lcyIsInJvbGVzIjpbInRlYWNoZXIiXSwidG9rZW5WZXJzaW9uIjoxMiwiaWF0IjoxNzYzODI3MjYzLCJleHAiOjE3NjQ0MzIwNjN9.u1OO6JlYoQk8GzG8CqXX7xepeHE7YMCPLxJqmCisVqQ', '2025-11-23 10:24:38', '2025-11-29 17:01:03'),
('6b86f7e7-bf19-4117-b262-a1221c4ced55', 'eyJhbGciOiJIUzI1NiIsInR5cCI6IkpXVCJ9.eyJzdWIiOiI2Yjg2ZjdlNy1iZjE5LTQxMTctYjI2Mi1hMTIyMWM0Y2VkNTUiLCJlbWFpbCI6ImZyYW1vbmRvQGd2YS5lcyIsInJvbGVzIjpbInRlYWNoZXIiXSwidG9rZW5WZXJzaW9uIjoxMiwiaWF0IjoxNzYzOTIwMjEwLCJleHAiOjE3NjQ1MjUwMTB9.jmCqISAVkIuUYPi-y4arJ4x-4IIZdlwThllmdYITS6Y', '2025-11-23 19:05:23', '2025-11-30 18:50:10'),
('6b86f7e7-bf19-4117-b262-a1221c4ced55', 'eyJhbGciOiJIUzI1NiIsInR5cCI6IkpXVCJ9.eyJzdWIiOiI2Yjg2ZjdlNy1iZjE5LTQxMTctYjI2Mi1hMTIyMWM0Y2VkNTUiLCJlbWFpbCI6ImZyYW1vbmRvQGd2YS5lcyIsInJvbGVzIjpbInRlYWNoZXIiXSwidG9rZW5WZXJzaW9uIjoxMSwiaWF0IjoxNzYzNDU1MDE3LCJleHAiOjE3NjQwNTk4MTd9.LE8MqK9PiOAc9X0x9S9qBa06eeVms0NJcPYjvyrVBG4', '2025-11-18 09:47:20', '2025-11-25 09:36:57'),
('6b86f7e7-bf19-4117-b262-a1221c4ced55', 'eyJhbGciOiJIUzI1NiIsInR5cCI6IkpXVCJ9.eyJzdWIiOiI2Yjg2ZjdlNy1iZjE5LTQxMTctYjI2Mi1hMTIyMWM0Y2VkNTUiLCJlbWFpbCI6ImZyYW1vbmRvQGd2YS5lcyIsInJvbGVzIjpbInRlYWNoZXIiXSwidG9rZW5WZXJzaW9uIjoxMSwiaWF0IjoxNzYzNDU1NjkxLCJleHAiOjE3NjQwNjA0OTF9.-zAtG9quBsZ2vmZRAqXEaGXzHB36ZO3iAYV2JKYfhv0', '2025-11-18 09:59:36', '2025-11-25 09:48:11'),
('6b86f7e7-bf19-4117-b262-a1221c4ced55', 'eyJhbGciOiJIUzI1NiIsInR5cCI6IkpXVCJ9.eyJzdWIiOiI2Yjg2ZjdlNy1iZjE5LTQxMTctYjI2Mi1hMTIyMWM0Y2VkNTUiLCJlbWFpbCI6ImZyYW1vbmRvQGd2YS5lcyIsInJvbGVzIjpbInRlYWNoZXIiXSwidG9rZW5WZXJzaW9uIjoxMSwiaWF0IjoxNzYzNDU2NDEyLCJleHAiOjE3NjQwNjEyMTJ9.3eR6eglMs03KKmVZwajmhxp2SZcUqC4kfDCOfu6iCT8', '2025-11-18 10:31:09', '2025-11-25 10:00:12'),
('6b86f7e7-bf19-4117-b262-a1221c4ced55', 'eyJhbGciOiJIUzI1NiIsInR5cCI6IkpXVCJ9.eyJzdWIiOiI2Yjg2ZjdlNy1iZjE5LTQxMTctYjI2Mi1hMTIyMWM0Y2VkNTUiLCJlbWFpbCI6ImZyYW1vbmRvQGd2YS5lcyIsInJvbGVzIjpbInRlYWNoZXIiXSwidG9rZW5WZXJzaW9uIjoxMywiaWF0IjoxNzYzOTIxMTUwLCJleHAiOjE3NjQ1MjU5NTB9.ppTsRNsJZ6mdWPzLidqbqop1bszDpzw26voGfC28lZg', '2025-11-23 19:18:48', '2025-11-30 19:05:50'),
('6b86f7e7-bf19-4117-b262-a1221c4ced55', 'eyJhbGciOiJIUzI1NiIsInR5cCI6IkpXVCJ9.eyJzdWIiOiI2Yjg2ZjdlNy1iZjE5LTQxMTctYjI2Mi1hMTIyMWM0Y2VkNTUiLCJlbWFpbCI6ImZyYW1vbmRvQGd2YS5lcyIsInJvbGVzIjpbInRlYWNoZXIiXSwidG9rZW5WZXJzaW9uIjoxMywiaWF0IjoxNzYzOTIxOTY2LCJleHAiOjE3NjQ1MjY3NjZ9.kxKt_LW2rBKUukO9-UowQH2m-kqludfMHW6H7imoRtg', '2025-11-23 22:36:52', '2025-11-30 19:19:26'),
('6b86f7e7-bf19-4117-b262-a1221c4ced55', 'eyJhbGciOiJIUzI1NiIsInR5cCI6IkpXVCJ9.eyJzdWIiOiI2Yjg2ZjdlNy1iZjE5LTQxMTctYjI2Mi1hMTIyMWM0Y2VkNTUiLCJlbWFpbCI6ImZyYW1vbmRvQGdtYWlsLmNvbSIsInJvbGVzIjpbInRlYWNoZXIiXSwidG9rZW5WZXJzaW9uIjo2LCJpYXQiOjE3NjMzMTYyMzEsImV4cCI6MTc2MzkyMTAzMX0.-f77Hwga3iEzff6wX10eaujqhEDDzjGICdH9sr85PhY', '2025-11-16 23:08:25', '2025-11-23 19:03:51');

-- --------------------------------------------------------

--
-- Volcado de datos para la tabla `course`
--

INSERT INTO `course` (`course_id`, `course_code`, `name`, `is_active`, `education_stage`, `level_number`, `cf_level`) VALUES
(1, 'ESO1', '1 ESO', 1, 'ESO', 1, NULL),
(2, 'ESO2', '2 ESO', 1, 'ESO', 2, NULL),
(3, 'ESO3', '3 ESO', 1, 'ESO', 3, NULL),
(4, 'ESO4', '4 ESO', 1, 'ESO', 4, NULL),
(5, 'BACH1', '1 Bachillerato', 1, 'bachillerato', 1, NULL),
(6, 'BACH2', '2 Bachillerato', 1, 'bachillerato', 2, NULL),
(7, 'CFGM-SMR-1', '1 Sistemas Microinformticos y Redes', 1, 'CF', 1, 'CFGM'),
(8, 'CFGM-SMR-2', '2 Sistemas Microinformticos y Redes', 1, 'CF', 2, 'CFGM'),
(9, 'CFGS-DAW-1', '1 Desarrollo de Aplicaciones Web', 1, 'CF', 1, 'CFGS'),
(10, 'CFGS-DAW-2', '2 Desarrollo de Aplicaciones Web', 1, 'CF', 2, 'CFGS'),
(11, 'CFGS-DAM-1', '1 Desarrollo de Aplicaciones Multiplataforma', 1, 'CF', 1, 'CFGS'),
(12, 'CFGS-DAM-2', '2 Desarrollo de Aplicaciones Multiplataforma', 1, 'CF', 2, 'CFGS'),
(13, 'CFGM-AC-1', '1 Actividades Comerciales', 1, 'CF', 1, 'CFGM'),
(14, 'CFGM-AC-2', '2 Actividades Comerciales', 1, 'CF', 2, 'CFGM'),
(15, 'CFGS-CI-1', '1 Comercio Internacional', 1, 'CF', 1, 'CFGS'),
(16, 'CFGS-CI-2', '2 Comercio Internacional', 1, 'CF', 2, 'CFGS'),
(17, 'CFGS-TL-1', '1 Transporte y Logstica', 1, 'CF', 1, 'CFGS'),
(18, 'CFGS-TL-2', '2 Transporte y Logstica', 1, 'CF', 2, 'CFGS'),
(19, 'FPB-SA-1', '1 Servicios Administrativos', 1, 'CF', 1, 'FPB'),
(20, 'FPB-SA-2', '2 Servicios Administrativos', 1, 'CF', 2, 'FPB'),
(21, 'CFGM-GA-1', '1 Gestin Administrativa', 1, 'CF', 1, 'CFGM'),
(22, 'CFGM-GA-2', '2 Gestin Administrativa', 1, 'CF', 2, 'CFGM'),
(23, 'CFGS-AF-1', '1 Administracin y Finanzas', 1, 'CF', 1, 'CFGS'),
(24, 'CFGS-AF-2', '2 Administracin y Finanzas', 1, 'CF', 2, 'CFGS'),
(26, 'CFGS-ASIR-1', '1 Administracin de Sistemas Informticos en Red', 1, 'CF', 1, 'CFGS'),
(27, 'CFGS-ASIR-2', '2 Administracin de Sistemas Informticos en Red', 1, 'CF', 2, 'CFGS');

-- --------------------------------------------------------

--
-- Volcado de datos para la tabla `course_subject`
--

INSERT INTO `course_subject` (`course_id`, `subject_id`) VALUES
(1, 1),
(1, 2),
(1, 3),
(1, 4),
(1, 5),
(1, 6),
(1, 7),
(1, 8),
(1, 9),
(1, 10),
(1, 11),
(1, 12),
(1, 13),
(1, 14),
(2, 15),
(2, 16),
(2, 17),
(2, 18),
(2, 19),
(2, 20),
(2, 21),
(2, 22),
(2, 23),
(2, 24),
(2, 25),
(2, 26),
(2, 27),
(2, 28),
(2, 29),
(3, 30),
(3, 31),
(3, 32),
(3, 33),
(3, 34),
(3, 35),
(3, 36),
(3, 37),
(3, 38),
(3, 39),
(3, 40),
(3, 41),
(3, 42),
(3, 43),
(3, 44),
(3, 45),
(4, 46),
(4, 47),
(4, 48),
(4, 49),
(4, 50),
(4, 51),
(4, 52),
(4, 53),
(4, 54),
(4, 55),
(4, 56),
(4, 57),
(4, 58),
(4, 59),
(4, 60),
(4, 61),
(4, 62),
(4, 63),
(5, 64),
(5, 65),
(5, 66),
(5, 67),
(5, 68),
(5, 69),
(5, 70),
(5, 71),
(5, 72),
(5, 73),
(5, 74),
(5, 75),
(5, 76),
(5, 77),
(5, 78),
(5, 79),
(6, 80),
(6, 81),
(6, 82),
(6, 83),
(6, 84),
(6, 85),
(6, 86),
(6, 87),
(6, 88),
(6, 89),
(6, 90),
(6, 91),
(6, 92),
(6, 93),
(6, 94),
(6, 95),
(7, 96),
(7, 98),
(7, 99),
(7, 100),
(7, 101),
(8, 97),
(8, 102),
(8, 103),
(8, 104),
(8, 105),
(9, 96),
(9, 106),
(9, 107),
(9, 108),
(9, 109),
(9, 110),
(10, 97),
(10, 111),
(10, 112),
(10, 113),
(10, 114),
(10, 115),
(10, 116),
(11, 96),
(11, 106),
(11, 107),
(11, 108),
(11, 109),
(11, 110),
(12, 97),
(12, 117),
(12, 118),
(12, 119),
(12, 120),
(12, 121),
(12, 122),
(12, 123),
(13, 96),
(13, 124),
(13, 126),
(13, 127),
(13, 129),
(14, 97),
(14, 125),
(14, 128),
(14, 130),
(14, 131),
(15, 96),
(15, 132),
(15, 133),
(15, 134),
(15, 135),
(15, 136),
(16, 97),
(16, 137),
(16, 138),
(16, 139),
(16, 140),
(16, 141),
(16, 142),
(17, 96),
(17, 143),
(17, 144),
(17, 145),
(17, 146),
(17, 151),
(18, 97),
(18, 147),
(18, 148),
(18, 149),
(18, 150),
(18, 152),
(18, 153),
(19, 154),
(19, 155),
(19, 156),
(19, 157),
(19, 158),
(20, 159),
(20, 160),
(20, 161),
(21, 96),
(21, 162),
(21, 164),
(21, 165),
(21, 166),
(21, 167),
(22, 97),
(22, 163),
(22, 168),
(22, 169),
(22, 170),
(23, 96),
(23, 171),
(23, 172),
(23, 173),
(23, 174),
(23, 175),
(24, 97),
(24, 176),
(24, 177),
(24, 178),
(24, 179),
(24, 180),
(24, 181),
(26, 96),
(26, 109),
(26, 182),
(26, 183),
(26, 184),
(26, 185),
(27, 97),
(27, 186),
(27, 187),
(27, 188),
(27, 189),
(27, 190),
(27, 191),
(27, 192),
(27, 193);

-- --------------------------------------------------------

--
-- Volcado de datos para la tabla `department`
--

INSERT INTO `department` (`department_id`, `name`, `is_active`) VALUES
(1, 'Artes plsticas', 1),
(2, 'Biologa y Geologa', 1),
(3, 'Economa', 1),
(4, 'Educacin Fsica', 1),
(5, 'Administracin', 1),
(6, 'Comercio', 1),
(7, 'Informtica', 1),
(8, 'Filosofa', 1),
(9, 'Fsica y Qumica', 1),
(10, 'Fol', 1),
(11, 'Francs', 1),
(12, 'Geografa e Historia', 1),
(13, 'Ingls', 1),
(14, 'Latn', 1),
(15, 'Castellano', 1),
(16, 'Valenciano', 1),
(17, 'Matemticas', 1),
(18, 'Msica', 1),
(19, 'Orientacin', 1),
(20, 'Religin', 1),
(21, 'Tecnologa', 1);

-- --------------------------------------------------------

--
-- Volcado de datos para la tabla `event_schedule`
--

INSERT INTO `event_schedule` (`type`, `start_at`, `end_at`, `status`, `schedule_id`, `description`, `reservation_status_reason`) VALUES
('temp_pass', '2025-11-12 10:00:00', '2025-11-12 11:00:00', 'approved', 87, 'Reserva de aula', NULL),
('temp_pass', '2025-11-18 11:00:00', '2025-11-18 23:55:00', 'approved', 88, 'Reserva de aula', NULL),
('reservation', '2025-11-24 10:00:00', '2025-11-24 11:00:00', 'approved', 90, 'Reserva de aula', NULL),
('reservation', '2025-11-28 15:10:00', '2025-11-28 17:55:00', 'pending', 97, 'Reserva de aula', NULL),
('reservation', '2025-11-27 08:55:00', '2025-11-27 12:05:00', 'pending', 109, 'Reserva de aula', NULL),
('reservation', '2025-11-26 19:10:00', '2025-11-26 20:05:00', 'pending', 113, 'Reserva de aula', NULL);

-- --------------------------------------------------------

--
-- Volcado de datos para la tabla `password_reset_token`
--

INSERT INTO `password_reset_token` (`token`, `user_id`, `expires_at`, `attempts`, `is_used`, `created_at`) VALUES
('7R9AG8', '6b86f7e7-bf19-4117-b262-a1221c4ced55', '2025-11-04 13:28:22', 7, 1, '2025-11-04 13:08:22'),
('AGRN7F', '6b86f7e7-bf19-4117-b262-a1221c4ced55', '2025-11-04 13:36:38', 5, 1, '2025-11-04 13:16:38'),
('DHBEXG', '6b86f7e7-bf19-4117-b262-a1221c4ced55', '2025-11-04 13:37:38', 3, 1, '2025-11-04 13:17:38'),
('TPGUYL', '6b86f7e7-bf19-4117-b262-a1221c4ced55', '2025-11-04 13:35:48', 1, 1, '2025-11-04 13:15:48');

-- --------------------------------------------------------

--
-- Volcado de datos para la tabla `permission`
--

INSERT INTO `permission` (`user_id`, `room_id`, `created_by`, `created_at`, `is_active`, `schedule_id`) VALUES
('2d9ce2e0-b172-4756-8c92-c647e3f0a649', 7, '1a1fcf19-6cbc-4d30-be9f-59f337c633a5', '2025-11-12 09:50:33', 1, 87),
('2f09b2f8-3e2a-4cb6-b907-e98db842b4ee', 8, '2d9ce2e0-b172-4756-8c92-c647e3f0a649', '2025-11-23 21:33:24', 1, 66),
('2f09b2f8-3e2a-4cb6-b907-e98db842b4ee', 8, '2d9ce2e0-b172-4756-8c92-c647e3f0a649', '2025-11-23 21:33:24', 1, 67),
('2f09b2f8-3e2a-4cb6-b907-e98db842b4ee', 9, '2d9ce2e0-b172-4756-8c92-c647e3f0a649', '2025-11-23 21:33:24', 1, 69),
('2f09b2f8-3e2a-4cb6-b907-e98db842b4ee', 9, '2d9ce2e0-b172-4756-8c92-c647e3f0a649', '2025-11-23 21:33:24', 1, 70),
('2f09b2f8-3e2a-4cb6-b907-e98db842b4ee', 31, '2d9ce2e0-b172-4756-8c92-c647e3f0a649', '2025-11-23 21:33:24', 1, 10),
('2f09b2f8-3e2a-4cb6-b907-e98db842b4ee', 31, '2d9ce2e0-b172-4756-8c92-c647e3f0a649', '2025-11-23 21:33:24', 1, 11),
('2f09b2f8-3e2a-4cb6-b907-e98db842b4ee', 32, '2d9ce2e0-b172-4756-8c92-c647e3f0a649', '2025-11-23 21:33:24', 1, 13),
('2f09b2f8-3e2a-4cb6-b907-e98db842b4ee', 32, '2d9ce2e0-b172-4756-8c92-c647e3f0a649', '2025-11-23 21:33:24', 1, 14),
('2f09b2f8-3e2a-4cb6-b907-e98db842b4ee', 33, '2d9ce2e0-b172-4756-8c92-c647e3f0a649', '2025-11-23 21:33:24', 1, 24),
('2f09b2f8-3e2a-4cb6-b907-e98db842b4ee', 33, '2d9ce2e0-b172-4756-8c92-c647e3f0a649', '2025-11-23 21:33:24', 1, 25),
('2f09b2f8-3e2a-4cb6-b907-e98db842b4ee', 35, '2d9ce2e0-b172-4756-8c92-c647e3f0a649', '2025-11-23 21:33:24', 1, 27),
('2f09b2f8-3e2a-4cb6-b907-e98db842b4ee', 35, '2d9ce2e0-b172-4756-8c92-c647e3f0a649', '2025-11-23 21:33:24', 1, 28),
('2f09b2f8-3e2a-4cb6-b907-e98db842b4ee', 36, '2d9ce2e0-b172-4756-8c92-c647e3f0a649', '2025-11-23 21:33:24', 1, 38),
('2f09b2f8-3e2a-4cb6-b907-e98db842b4ee', 36, '2d9ce2e0-b172-4756-8c92-c647e3f0a649', '2025-11-23 21:33:24', 1, 39),
('2f09b2f8-3e2a-4cb6-b907-e98db842b4ee', 37, '2d9ce2e0-b172-4756-8c92-c647e3f0a649', '2025-11-23 21:33:24', 1, 41),
('2f09b2f8-3e2a-4cb6-b907-e98db842b4ee', 37, '2d9ce2e0-b172-4756-8c92-c647e3f0a649', '2025-11-23 21:33:24', 1, 42),
('2f09b2f8-3e2a-4cb6-b907-e98db842b4ee', 38, '2d9ce2e0-b172-4756-8c92-c647e3f0a649', '2025-11-23 21:33:24', 1, 52),
('2f09b2f8-3e2a-4cb6-b907-e98db842b4ee', 38, '2d9ce2e0-b172-4756-8c92-c647e3f0a649', '2025-11-23 21:33:24', 1, 53),
('2f09b2f8-3e2a-4cb6-b907-e98db842b4ee', 41, '2d9ce2e0-b172-4756-8c92-c647e3f0a649', '2025-11-23 21:33:24', 1, 55),
('2f09b2f8-3e2a-4cb6-b907-e98db842b4ee', 41, '2d9ce2e0-b172-4756-8c92-c647e3f0a649', '2025-11-23 21:33:24', 1, 56),
('6b86f7e7-bf19-4117-b262-a1221c4ced55', 1, '2d9ce2e0-b172-4756-8c92-c647e3f0a649', '2025-11-23 21:33:11', 1, 8),
('6b86f7e7-bf19-4117-b262-a1221c4ced55', 1, '2d9ce2e0-b172-4756-8c92-c647e3f0a649', '2025-11-23 21:33:11', 1, 9),
('6b86f7e7-bf19-4117-b262-a1221c4ced55', 1, '2d9ce2e0-b172-4756-8c92-c647e3f0a649', '2025-11-23 21:33:11', 1, 67),
('6b86f7e7-bf19-4117-b262-a1221c4ced55', 1, '2d9ce2e0-b172-4756-8c92-c647e3f0a649', '2025-11-23 21:33:11', 1, 68),
('6b86f7e7-bf19-4117-b262-a1221c4ced55', 1, '6b86f7e7-bf19-4117-b262-a1221c4ced55', '2025-11-22 16:26:04', 1, 90),
('6b86f7e7-bf19-4117-b262-a1221c4ced55', 8, '2d9ce2e0-b172-4756-8c92-c647e3f0a649', '2025-11-23 21:33:11', 1, 11),
('6b86f7e7-bf19-4117-b262-a1221c4ced55', 8, '2d9ce2e0-b172-4756-8c92-c647e3f0a649', '2025-11-23 21:33:11', 1, 12),
('6b86f7e7-bf19-4117-b262-a1221c4ced55', 8, '6b86f7e7-bf19-4117-b262-a1221c4ced55', '2025-11-23 17:41:00', 1, 109),
('6b86f7e7-bf19-4117-b262-a1221c4ced55', 9, '6b86f7e7-bf19-4117-b262-a1221c4ced55', '2025-11-22 19:11:06', 1, 97),
('6b86f7e7-bf19-4117-b262-a1221c4ced55', 9, '6b86f7e7-bf19-4117-b262-a1221c4ced55', '2025-11-23 18:17:52', 1, 113),
('6b86f7e7-bf19-4117-b262-a1221c4ced55', 23, '2d9ce2e0-b172-4756-8c92-c647e3f0a649', '2025-11-23 21:33:11', 1, 22),
('6b86f7e7-bf19-4117-b262-a1221c4ced55', 23, '2d9ce2e0-b172-4756-8c92-c647e3f0a649', '2025-11-23 21:33:11', 1, 23),
('6b86f7e7-bf19-4117-b262-a1221c4ced55', 24, '2d9ce2e0-b172-4756-8c92-c647e3f0a649', '2025-11-23 21:33:11', 1, 25),
('6b86f7e7-bf19-4117-b262-a1221c4ced55', 24, '2d9ce2e0-b172-4756-8c92-c647e3f0a649', '2025-11-23 21:33:11', 1, 26),
('6b86f7e7-bf19-4117-b262-a1221c4ced55', 24, '1a1fcf19-6cbc-4d30-be9f-59f337c633a5', '2025-11-18 10:57:13', 1, 88),
('6b86f7e7-bf19-4117-b262-a1221c4ced55', 31, '2d9ce2e0-b172-4756-8c92-c647e3f0a649', '2025-11-23 21:33:11', 1, 36),
('6b86f7e7-bf19-4117-b262-a1221c4ced55', 31, '2d9ce2e0-b172-4756-8c92-c647e3f0a649', '2025-11-23 21:33:11', 1, 37),
('6b86f7e7-bf19-4117-b262-a1221c4ced55', 32, '2d9ce2e0-b172-4756-8c92-c647e3f0a649', '2025-11-23 21:33:11', 1, 40),
('6b86f7e7-bf19-4117-b262-a1221c4ced55', 32, '2d9ce2e0-b172-4756-8c92-c647e3f0a649', '2025-11-23 21:33:11', 1, 41),
('6b86f7e7-bf19-4117-b262-a1221c4ced55', 36, '2d9ce2e0-b172-4756-8c92-c647e3f0a649', '2025-11-23 21:33:11', 1, 50),
('6b86f7e7-bf19-4117-b262-a1221c4ced55', 36, '2d9ce2e0-b172-4756-8c92-c647e3f0a649', '2025-11-23 21:33:11', 1, 51),
('6b86f7e7-bf19-4117-b262-a1221c4ced55', 37, '2d9ce2e0-b172-4756-8c92-c647e3f0a649', '2025-11-23 21:33:11', 1, 53),
('6b86f7e7-bf19-4117-b262-a1221c4ced55', 37, '2d9ce2e0-b172-4756-8c92-c647e3f0a649', '2025-11-23 21:33:11', 1, 54),
('6b86f7e7-bf19-4117-b262-a1221c4ced55', 42, '2d9ce2e0-b172-4756-8c92-c647e3f0a649', '2025-11-23 21:33:11', 1, 64),
('6b86f7e7-bf19-4117-b262-a1221c4ced55', 42, '2d9ce2e0-b172-4756-8c92-c647e3f0a649', '2025-11-23 21:33:11', 1, 65);

-- --------------------------------------------------------

--
-- Volcado de datos para la tabla `reader`
--

INSERT INTO `reader` (`reader_id`, `reader_code`, `room_id`, `is_active`) VALUES
(1, 'READER-AULA-1', 1, 1),
(2, 'READER-TECNOLOGIA1', 2, 1),
(3, 'READER-ALMACEN-CENTRAL', 3, 1),
(4, 'READER-LIMPIEZA', 4, 1),
(5, 'READER-ARCHIVO', 5, 1),
(6, 'READER-VISITAS', 6, 1),
(7, 'READER-DIRECCION', 7, 1),
(8, 'READER-AULA-9', 8, 1),
(9, 'READER-AULA-10', 9, 1),
(10, 'READER-ALMACEN-SECRETARIA', 10, 1),
(11, 'READER-BIBLIOTECA', 11, 1),
(12, 'READER-TECNOLOGIA2', 12, 1),
(13, 'READER-ADMINISTRACION', 13, 1),
(14, 'READER-JEFES-ESTUDIOS', 14, 1),
(15, 'READER-FCT', 15, 1),
(16, 'READER-ALMACEN-18', 16, 1),
(17, 'READER-AULA-19', 17, 1),
(18, 'READER-GIMNASIO', 18, 1),
(19, 'READER-VESTUARIO2', 19, 1),
(20, 'READER-VESTUARIO1', 20, 1),
(21, 'READER-MATERIALES', 21, 1),
(22, 'READER-D1', 22, 1),
(23, 'READER-AULA-24', 23, 1),
(24, 'READER-AULA-25', 24, 1),
(25, 'READER-AULA-26', 25, 1),
(26, 'READER-DESDBL-OT', 26, 1),
(27, 'READER-CONSERJERIA', 27, 1),
(28, 'READER-AULA-31', 28, 1),
(29, 'READER-OTB', 29, 1),
(30, 'READER-OTA', 30, 1),
(31, 'READER-AULA-34', 31, 1),
(32, 'READER-AULA-35', 32, 1),
(33, 'READER-AULA-35A', 33, 1),
(34, 'READER-MUSICA1', 34, 1),
(35, 'READER-AULA-37', 35, 1),
(36, 'READER-AULA-38', 36, 1),
(37, 'READER-AULA-39', 37, 1),
(38, 'READER-AULA-40', 38, 1),
(39, 'READER-ALMACEN-44', 39, 1),
(40, 'READER-CAFETERIA', 40, 1),
(41, 'READER-AULA-46', 41, 1),
(42, 'READER-AULA-47', 42, 1),
(43, 'READER-MUSICA2-LM', 43, 1),
(44, 'READER-MUSICA-D2-PIANO', 44, 1),
(45, 'READER-MUSICA-D3', 45, 1),
(46, 'READER-MUSICA-D4', 46, 1);

-- --------------------------------------------------------

--
-- Volcado de datos para la tabla `role`
--

INSERT INTO `role` (`role_id`, `name`) VALUES
(1, 'admin'),
(2, 'teacher'),
(3, 'janitor'),
(4, 'support_staff');

-- --------------------------------------------------------

--
-- Volcado de datos para la tabla `role_user`
--

INSERT INTO `role_user` (`user_id`, `role_id`) VALUES
('2d9ce2e0-b172-4756-8c92-c647e3f0a649', 1),
('2f09b2f8-3e2a-4cb6-b907-e98db842b4ee', 2),
('6b86f7e7-bf19-4117-b262-a1221c4ced55', 2),
('1a1fcf19-6cbc-4d30-be9f-59f337c633a5', 3),
('c3496420-0e39-4af4-951e-5b11f54e5022', 4);

-- --------------------------------------------------------

--
-- Volcado de datos para la tabla `room`
--

INSERT INTO `room` (`room_id`, `room_code`, `name`, `course_id`, `capacity`, `building`, `floor`, `is_active`, `created_at`, `updated_at`) VALUES
(1, '1', 'Aula', NULL, 20, 1, 1, 1, '2025-11-08 19:18:39.657560', '2025-11-08 19:18:39.666248'),
(2, '2', 'Tecnologa 1 - Aula', NULL, 25, 1, 1, 1, '2025-11-08 19:18:39.657560', '2025-11-08 19:18:39.666248'),
(3, '4', 'Almacn central', NULL, 0, 1, 1, 1, '2025-11-08 19:18:39.657560', '2025-11-08 19:18:39.666248'),
(4, '5', 'Limpieza', NULL, 0, 1, 1, 1, '2025-11-08 19:18:39.657560', '2025-11-08 19:18:39.666248'),
(5, '6', 'Archivo', NULL, 0, 1, 1, 1, '2025-11-08 19:18:39.657560', '2025-11-08 19:18:39.666248'),
(6, '7', 'Visitas', NULL, 8, 1, 1, 1, '2025-11-08 19:18:39.657560', '2025-11-08 19:18:39.666248'),
(7, '8', 'Direccin', NULL, 0, 1, 1, 1, '2025-11-08 19:18:39.657560', '2025-11-08 19:18:39.666248'),
(8, '9', 'Aula', NULL, 20, 1, 1, 1, '2025-11-08 19:18:39.657560', '2025-11-08 19:18:39.666248'),
(9, '10', 'Aula', NULL, 20, 1, 1, 1, '2025-11-08 19:18:39.657560', '2025-11-08 19:18:39.666248'),
(10, '11', 'Almacn secretara', NULL, 0, 1, 1, 1, '2025-11-08 19:18:39.657560', '2025-11-08 19:18:39.666248'),
(11, '12', 'Biblioteca', NULL, 15, 1, 1, 1, '2025-11-08 19:18:39.657560', '2025-11-08 19:18:39.666248'),
(12, '13', 'Tecnologa 2 - Aula', NULL, 20, 1, 1, 1, '2025-11-08 19:18:39.657560', '2025-11-08 19:18:39.666248'),
(13, '15', 'Administracin', NULL, 0, 1, 1, 1, '2025-11-08 19:18:39.657560', '2025-11-08 19:18:39.666248'),
(14, '16', 'Jefes de Estudios', NULL, 0, 1, 1, 1, '2025-11-08 19:18:39.657560', '2025-11-08 19:18:39.666248'),
(15, '17', 'FCT', NULL, 7, 1, 1, 1, '2025-11-08 19:18:39.657560', '2025-11-08 19:18:39.666248'),
(16, '18', 'Almacn', NULL, 0, 1, 1, 1, '2025-11-08 19:18:39.657560', '2025-11-08 19:18:39.666248'),
(17, '19', 'Aula', NULL, 20, 1, 1, 1, '2025-11-08 19:18:39.657560', '2025-11-08 19:18:39.666248'),
(18, '20', 'Gimnasio', NULL, 50, 1, 1, 1, '2025-11-08 19:18:39.657560', '2025-11-08 19:18:39.666248'),
(19, '20A', 'Vestuario2', NULL, 15, 2, 1, 1, '2025-11-08 19:18:39.657560', '2025-11-08 19:18:39.666248'),
(20, '21', 'Vestuario1', NULL, 15, 2, 1, 1, '2025-11-08 19:18:39.657560', '2025-11-08 19:18:39.666248'),
(21, '22', 'Materiales', NULL, 0, 2, 1, 1, '2025-11-08 19:18:39.657560', '2025-11-08 19:18:39.666248'),
(22, '23', 'D1', NULL, 0, 2, 1, 1, '2025-11-08 19:18:39.657560', '2025-11-08 19:18:39.666248'),
(23, '24', 'Aula', NULL, 20, 2, 1, 1, '2025-11-08 19:18:39.657560', '2025-11-08 19:18:39.666248'),
(24, '25', 'Aula', NULL, 20, 2, 1, 1, '2025-11-08 19:18:39.657560', '2025-11-08 19:18:39.666248'),
(25, '26', 'Aula', NULL, 20, 2, 1, 1, '2025-11-08 19:18:39.657560', '2025-11-08 19:18:39.666248'),
(26, '27', 'DESDBL - OT', NULL, 0, 2, 1, 1, '2025-11-08 19:18:39.657560', '2025-11-08 19:18:39.666248'),
(27, '30', 'Conserjera', NULL, 0, 2, 1, 1, '2025-11-08 19:18:39.657560', '2025-11-08 19:18:39.666248'),
(28, '31', 'Aula', NULL, 20, 2, 1, 1, '2025-11-08 19:18:39.657560', '2025-11-08 19:18:39.666248'),
(29, '32', 'OT.B', NULL, 0, 2, 1, 1, '2025-11-08 19:18:39.657560', '2025-11-08 19:18:39.666248'),
(30, '33', 'OT.A', NULL, 0, 2, 1, 1, '2025-11-08 19:18:39.657560', '2025-11-08 19:18:39.666248'),
(31, '34', 'Aula', NULL, 20, 2, 1, 1, '2025-11-08 19:18:39.657560', '2025-11-08 19:18:39.666248'),
(32, '35', 'Aula', NULL, 20, 2, 1, 1, '2025-11-08 19:18:39.657560', '2025-11-08 19:18:39.666248'),
(33, '35A', 'Aula', NULL, 20, 2, 1, 1, '2025-11-08 19:18:39.657560', '2025-11-08 19:18:39.666248'),
(34, '36', 'Msica 1 - Aula', NULL, 20, 2, 1, 1, '2025-11-08 19:18:39.657560', '2025-11-08 19:18:39.666248'),
(35, '37', 'Aula', NULL, 15, 2, 1, 1, '2025-11-08 19:18:39.657560', '2025-11-08 19:18:39.666248'),
(36, '38', 'Aula', NULL, 20, 2, 1, 1, '2025-11-08 19:18:39.657560', '2025-11-08 19:18:39.666248'),
(37, '39', 'Aula', NULL, 20, 2, 1, 1, '2025-11-08 19:18:39.657560', '2025-11-08 19:18:39.666248'),
(38, '40', 'Aula', NULL, 20, 2, 1, 1, '2025-11-08 19:18:39.657560', '2025-11-08 19:18:39.666248'),
(39, '44', 'Almacn', NULL, 0, 2, 1, 1, '2025-11-08 19:18:39.657560', '2025-11-08 19:18:39.666248'),
(40, '45', 'Cafetera', NULL, 50, 2, 1, 1, '2025-11-08 19:18:39.657560', '2025-11-08 19:18:39.666248'),
(41, '46', 'Aula', NULL, 20, 2, 1, 1, '2025-11-08 19:18:39.657560', '2025-11-08 19:18:39.666248'),
(42, '47', 'Aula', NULL, 20, 2, 1, 1, '2025-11-08 19:18:39.657560', '2025-11-08 19:18:39.666248'),
(43, '48', 'Msica 2 - Lenguaje Musical - Aula', NULL, 15, 2, 1, 1, '2025-11-08 19:18:39.657560', '2025-11-08 19:18:39.666248'),
(44, '49', 'Msica - D2 Piano - Aula', NULL, 7, 2, 1, 1, '2025-11-08 19:18:39.657560', '2025-11-08 19:18:39.666248'),
(45, '50', 'Msica - D3 - Aula', NULL, 7, 2, 1, 1, '2025-11-08 19:18:39.657560', '2025-11-08 19:18:39.666248'),
(46, '51', 'Msica - D4 - Aula', NULL, 7, 2, 1, 1, '2025-11-08 19:18:39.657560', '2025-11-08 19:18:39.666248');

-- --------------------------------------------------------

--
-- Volcado de datos para la tabla `schedule`
--

INSERT INTO `schedule` (`type`, `academic_year_id`, `is_active`, `created_at`, `updated_at`, `schedule_id`) VALUES
('weekly', 3, 1, '2025-09-01 08:00:00', '2025-11-10 17:47:51.417687', 1),
('weekly', 3, 1, '2025-09-01 08:00:00', '2025-11-10 17:47:51.417687', 2),
('weekly', 3, 1, '2025-09-01 08:00:00', '2025-11-10 17:47:51.417687', 3),
('weekly', 3, 1, '2025-09-01 08:00:00', '2025-11-10 17:47:51.417687', 4),
('weekly', 3, 1, '2025-09-01 08:00:00', '2025-11-10 17:47:51.417687', 5),
('weekly', 3, 1, '2025-09-01 08:00:00', '2025-11-10 17:47:51.417687', 6),
('weekly', 3, 1, '2025-09-01 08:00:00', '2025-11-10 17:47:51.417687', 7),
('weekly', 3, 1, '2025-09-01 08:00:00', '2025-11-10 17:47:51.417687', 8),
('weekly', 3, 1, '2025-09-01 08:00:00', '2025-11-10 17:47:51.417687', 9),
('weekly', 3, 1, '2025-09-01 08:00:00', '2025-11-10 17:47:51.417687', 10),
('weekly', 3, 1, '2025-09-01 08:00:00', '2025-11-10 17:47:51.417687', 11),
('weekly', 3, 1, '2025-09-01 08:00:00', '2025-11-10 17:47:51.417687', 12),
('weekly', 3, 1, '2025-09-01 08:00:00', '2025-11-10 17:47:51.417687', 13),
('weekly', 3, 1, '2025-09-01 08:00:00', '2025-11-10 17:47:51.417687', 14),
('weekly', 3, 1, '2025-09-01 08:00:00', '2025-11-10 17:47:51.417687', 15),
('weekly', 3, 1, '2025-09-01 08:00:00', '2025-11-10 17:47:51.417687', 16),
('weekly', 3, 1, '2025-09-01 08:00:00', '2025-11-10 17:47:51.417687', 17),
('weekly', 3, 1, '2025-09-01 08:00:00', '2025-11-10 17:47:51.417687', 18),
('weekly', 3, 1, '2025-09-01 08:00:00', '2025-11-10 17:47:51.417687', 19),
('weekly', 3, 1, '2025-09-01 08:00:00', '2025-11-10 17:47:51.417687', 20),
('weekly', 3, 1, '2025-09-01 08:00:00', '2025-11-10 17:47:51.417687', 21),
('weekly', 3, 1, '2025-09-01 08:00:00', '2025-11-10 17:47:51.417687', 22),
('weekly', 3, 1, '2025-09-01 08:00:00', '2025-11-10 17:47:51.417687', 23),
('weekly', 3, 1, '2025-09-01 08:00:00', '2025-11-10 17:47:51.417687', 24),
('weekly', 3, 1, '2025-09-01 08:00:00', '2025-11-10 17:47:51.417687', 25),
('weekly', 3, 1, '2025-09-01 08:00:00', '2025-11-10 17:47:51.417687', 26),
('weekly', 3, 1, '2025-09-01 08:00:00', '2025-11-10 17:47:51.417687', 27),
('weekly', 3, 1, '2025-09-01 08:00:00', '2025-11-10 17:47:51.417687', 28),
('weekly', 3, 1, '2025-09-01 08:00:00', '2025-11-10 17:47:51.417687', 29),
('weekly', 3, 1, '2025-09-01 08:00:00', '2025-11-10 17:47:51.417687', 30),
('weekly', 3, 1, '2025-11-23 20:24:31', '2025-11-23 20:24:31.586928', 31),
('weekly', 3, 1, '2025-11-23 20:24:31', '2025-11-23 20:24:31.586928', 32),
('weekly', 3, 1, '2025-11-23 20:24:31', '2025-11-23 20:24:31.586928', 33),
('weekly', 3, 1, '2025-11-23 20:24:31', '2025-11-23 20:24:31.586928', 34),
('weekly', 3, 1, '2025-11-23 20:24:31', '2025-11-23 20:24:31.586928', 35),
('weekly', 3, 1, '2025-11-23 20:24:31', '2025-11-23 20:24:31.586928', 36),
('weekly', 3, 1, '2025-11-23 20:24:31', '2025-11-23 20:24:31.586928', 37),
('weekly', 3, 1, '2025-11-23 20:24:31', '2025-11-23 20:24:31.586928', 38),
('weekly', 3, 1, '2025-11-23 20:24:31', '2025-11-23 20:24:31.586928', 39),
('weekly', 3, 1, '2025-11-23 20:24:31', '2025-11-23 20:24:31.586928', 40),
('weekly', 3, 1, '2025-11-23 20:24:31', '2025-11-23 20:24:31.586928', 41),
('weekly', 3, 1, '2025-11-23 20:24:31', '2025-11-23 20:24:31.586928', 42),
('weekly', 3, 1, '2025-11-23 20:24:31', '2025-11-23 20:24:31.586928', 43),
('weekly', 3, 1, '2025-11-23 20:24:31', '2025-11-23 20:24:31.586928', 44),
('weekly', 3, 1, '2025-11-23 20:24:31', '2025-11-23 20:24:31.586928', 45),
('weekly', 3, 1, '2025-11-23 20:24:31', '2025-11-23 20:24:31.586928', 46),
('weekly', 3, 1, '2025-11-23 20:24:31', '2025-11-23 20:24:31.586928', 47),
('weekly', 3, 1, '2025-11-23 20:24:31', '2025-11-23 20:24:31.586928', 48),
('weekly', 3, 1, '2025-11-23 20:24:31', '2025-11-23 20:24:31.586928', 49),
('weekly', 3, 1, '2025-11-23 20:24:31', '2025-11-23 20:24:31.586928', 50),
('weekly', 3, 1, '2025-11-23 20:24:31', '2025-11-23 20:24:31.586928', 51),
('weekly', 3, 1, '2025-11-23 20:24:31', '2025-11-23 20:24:31.586928', 52),
('weekly', 3, 1, '2025-11-23 20:24:31', '2025-11-23 20:24:31.586928', 53),
('weekly', 3, 1, '2025-11-23 20:24:31', '2025-11-23 20:24:31.586928', 54),
('weekly', 3, 1, '2025-11-23 20:24:31', '2025-11-23 20:24:31.586928', 55),
('weekly', 3, 1, '2025-11-23 20:24:31', '2025-11-23 20:24:31.586928', 56),
('weekly', 3, 1, '2025-11-23 20:24:31', '2025-11-23 20:24:31.586928', 57),
('weekly', 3, 1, '2025-11-23 20:24:31', '2025-11-23 20:24:31.586928', 58),
('weekly', 3, 1, '2025-11-23 20:24:31', '2025-11-23 20:24:31.586928', 59),
('weekly', 3, 1, '2025-11-23 20:24:31', '2025-11-23 20:24:31.586928', 60),
('weekly', 3, 1, '2025-11-23 20:24:31', '2025-11-23 20:24:31.586928', 61),
('weekly', 3, 1, '2025-11-23 20:24:31', '2025-11-23 20:24:31.586928', 62),
('weekly', 3, 1, '2025-11-23 20:24:31', '2025-11-23 20:24:31.586928', 63),
('weekly', 3, 1, '2025-11-23 20:24:31', '2025-11-23 20:24:31.586928', 64),
('weekly', 3, 1, '2025-11-23 20:24:31', '2025-11-23 20:24:31.586928', 65),
('weekly', 3, 1, '2025-11-23 20:24:31', '2025-11-23 20:24:31.586928', 66),
('weekly', 3, 1, '2025-11-23 20:24:31', '2025-11-23 20:24:31.586928', 67),
('weekly', 3, 1, '2025-11-23 20:24:31', '2025-11-23 20:24:31.586928', 68),
('weekly', 3, 1, '2025-11-23 20:24:31', '2025-11-23 20:24:31.586928', 69),
('weekly', 3, 1, '2025-11-23 20:24:31', '2025-11-23 20:24:31.586928', 70),
('event', 3, 1, '2025-11-12 09:50:33', '2025-11-12 09:50:33.874370', 87),
('event', 3, 1, '2025-11-18 10:57:13', '2025-11-18 10:57:13.892615', 88),
('event', 3, 1, '2025-11-22 16:26:04', '2025-11-22 16:26:04.948060', 90),
('event', 3, 1, '2025-11-22 19:11:06', '2025-11-22 19:11:06.354015', 97),
('event', 3, 1, '2025-11-23 17:41:00', '2025-11-23 17:41:00.975061', 109),
('event', 3, 1, '2025-11-23 18:17:52', '2025-11-23 18:17:52.200176', 113);

-- --------------------------------------------------------

--
-- Volcado de datos para la tabla `subject`
--

INSERT INTO `subject` (`subject_id`, `subject_code`, `name`, `department_id`, `is_active`) VALUES
(1, 'MAT-ESO-1', 'Matemticas 1', 17, 1),
(2, 'LEN-ESO-1', 'Lengua Castellana 1', 15, 1),
(3, 'VAL-ESO-1', 'Valenciano 1', 16, 1),
(4, 'ENG-ESO-1', 'Ingls 1', 13, 1),
(5, 'GH-ESO-1', 'Geografa e Historia 1', 12, 1),
(6, 'BIO-ESO-1', 'Biologa 1', 2, 1),
(7, 'VALE-ESO-1', 'Valores ticos 1', 8, 1),
(8, 'TEC-ESO-1', 'Tecnologa 1', 21, 1),
(9, 'EF-ESO-1', 'Educacin Fsica 1', 4, 1),
(10, 'MUS-ESO-1', 'Msica 1', 18, 1),
(11, 'DIG-ESO-1', 'Digitalizacin 1', 7, 1),
(12, 'FRA-ESO-1', 'Francs 1', 11, 1),
(13, 'ART-ESO-1', 'Plstica 1', 1, 1),
(14, 'REL-ESO-1', 'Religin 1', 20, 1),
(15, 'LEN-ESO-2', 'Lengua Castellana 2', 15, 1),
(16, 'VAL-ESO-2', 'Valenciano 2', 16, 1),
(17, 'ENG-ESO-2', 'Ingls 2', 13, 1),
(18, 'MAT-ESO-2', 'Matemticas 2', 17, 1),
(19, 'GH-ESO-2', 'Geografa e Historia 2', 12, 1),
(20, 'FYQ-ESO-2', 'Fsica y Qumica 2', 9, 1),
(21, 'TEC-ESO-2', 'Tecnologa 2', 21, 1),
(22, 'EF-ESO-2', 'Educacin Fsica 2', 4, 1),
(23, 'MUS-ESO-2', 'Msica 2', 18, 1),
(24, 'ART-ESO-2', 'Plstica 2', 1, 1),
(25, 'DIG-ESO-2', 'Digitalizacin 2', 7, 1),
(26, 'FRA-ESO-2', 'Francs 2', 11, 1),
(27, 'REL-ESO-2', 'Religin 2', 20, 1),
(28, 'VALE-ESO-2', 'Valores ticos 2', 8, 1),
(29, 'TUT-ESO-2', 'Tutora 2 ESO', 19, 1),
(30, 'LEN-ESO-3', 'Lengua Castellana 3', 15, 1),
(31, 'VAL-ESO-3', 'Valenciano 3', 16, 1),
(32, 'ENG-ESO-3', 'Ingls 3', 13, 1),
(33, 'MAT-ESO-3', 'Matemticas 3', 17, 1),
(34, 'GH-ESO-3', 'Geografa e Historia 3', 12, 1),
(35, 'BIO-ESO-3', 'Biologa 3', 2, 1),
(36, 'FYQ-ESO-3', 'Fsica y Qumica 3', 9, 1),
(37, 'TEC-ESO-3', 'Tecnologa 3', 21, 1),
(38, 'EF-ESO-3', 'Educacin Fsica 3', 4, 1),
(39, 'MUS-ESO-3', 'Msica 3', 18, 1),
(40, 'ART-ESO-3', 'Plstica 3', 1, 1),
(41, 'DIG-ESO-3', 'Digitalizacin 3', 7, 1),
(42, 'FRA-ESO-3', 'Francs 3', 11, 1),
(43, 'REL-ESO-3', 'Religin 3', 20, 1),
(44, 'VALE-ESO-3', 'Valores ticos 3', 8, 1),
(45, 'TUT-ESO-3', 'Tutora 3 ESO', 19, 1),
(46, 'LEN-ESO-4', 'Lengua Castellana 4', 15, 1),
(47, 'VAL-ESO-4', 'Valenciano 4', 16, 1),
(48, 'ENG-ESO-4', 'Ingls 4', 13, 1),
(49, 'MAT-ESO-4', 'Matemticas 4', 17, 1),
(50, 'GH-ESO-4', 'Geografa e Historia 4', 12, 1),
(51, 'BIO-ESO-4', 'Biologa 4', 2, 1),
(52, 'FYQ-ESO-4', 'Fsica y Qumica 4', 9, 1),
(53, 'TEC-ESO-4', 'Tecnologa 4', 21, 1),
(54, 'DIG-ESO-4', 'Digitalizacin 4', 7, 1),
(55, 'EF-ESO-4', 'Educacin Fsica 4', 4, 1),
(56, 'MUS-ESO-4', 'Msica 4', 18, 1),
(57, 'ART-ESO-4', 'Plstica 4', 1, 1),
(58, 'FRA-ESO-4', 'Francs 4', 11, 1),
(59, 'REL-ESO-4', 'Religin 4', 20, 1),
(60, 'VALE-ESO-4', 'Valores ticos 4', 8, 1),
(61, 'FIL-ESO-4', 'Filosofa 4', 8, 1),
(62, 'ECO-ESO-4', 'Economa 4', 3, 1),
(63, 'TUT-ESO-4', 'Tutora 4 ESO', 19, 1),
(64, 'LEN-BACH-1', 'Lengua Castellana y Literatura I', 15, 1),
(65, 'VAL-BACH-1', 'Valenciano I', 16, 1),
(66, 'ENG-BACH-1', 'Ingls I', 13, 1),
(67, 'FIL-BACH-1', 'Filosofa 1', 8, 1),
(68, 'MAT-BACH-1', 'Matemticas I', 17, 1),
(69, 'HMC-BACH-1', 'Historia del Mundo Contemporneo', 12, 1),
(70, 'BIO-BACH-1', 'Biologa I', 2, 1),
(71, 'FIS-BACH-1', 'Fsica I', 9, 1),
(72, 'QUI-BACH-1', 'Qumica I', 9, 1),
(73, 'ECO-BACH-1', 'Economa 1', 3, 1),
(74, 'LAT-BACH-1', 'Latn I', 14, 1),
(75, 'TIC-BACH-1', 'TIC I', 7, 1),
(76, 'EF-BACH-1', 'Educacin Fsica Bach 1', 4, 1),
(77, 'REL-BACH-1', 'Religin Bach 1', 20, 1),
(78, 'VALE-BACH-1', 'Valores ticos Bach 1', 8, 1),
(79, 'TUT-BACH-1', 'Tutora 1 Bachillerato', 19, 1),
(80, 'LEN-BACH-2', 'Lengua Castellana y Literatura II', 15, 1),
(81, 'VAL-BACH-2', 'Valenciano II', 16, 1),
(82, 'ENG-BACH-2', 'Ingls II', 13, 1),
(83, 'FIL-BACH-2', 'Historia de la Filosofa', 8, 1),
(84, 'MAT-BACH-2', 'Matemticas II', 17, 1),
(85, 'HESP-BACH-2', 'Historia de Espaa 2', 12, 1),
(86, 'BIO-BACH-2', 'Biologa II', 2, 1),
(87, 'FIS-BACH-2', 'Fsica II', 9, 1),
(88, 'QUI-BACH-2', 'Qumica II', 9, 1),
(89, 'ECO-BACH-2', 'Economa de la Empresa', 3, 1),
(90, 'LAT-BACH-2', 'Latn II', 14, 1),
(91, 'TIC-BACH-2', 'TIC II', 7, 1),
(92, 'CTM-BACH-2', 'Ciencias de la Tierra y Medioambientales', 2, 1),
(93, 'REL-BACH-2', 'Religin Bach 2', 20, 1),
(94, 'VALE-BACH-2', 'Valores ticos Bach 2', 8, 1),
(95, 'TUT-BACH-2', 'Tutora 2 Bachillerato', 19, 1),
(96, 'FOL-CF', 'Formacin y Orientacin Laboral', 10, 1),
(97, 'EIE-CF', 'Empresa e Iniciativa Emprendedora', 10, 1),
(98, 'MME-SMR', 'Montaje y mantenimiento de equipos', 7, 1),
(99, 'SOM-SMR', 'Sistemas operativos monopuesto', 7, 1),
(100, 'AO-SMR', 'Aplicaciones ofimticas', 7, 1),
(101, 'RL-SMR', 'Redes locales', 7, 1),
(102, 'SOR-SMR', 'Sistemas operativos en red', 7, 1),
(103, 'SR-SMR', 'Servicios en red', 7, 1),
(104, 'SEG-SMR', 'Seguridad informtica', 7, 1),
(105, 'AW-SMR', 'Aplicaciones web', 7, 1),
(106, 'PROG-CF', 'Programacin', 7, 1),
(107, 'BD-CF', 'Bases de Datos', 7, 1),
(108, 'SI-CF', 'Sistemas Informticos', 7, 1),
(109, 'LM-CF', 'Lenguajes de Marcas y Sistemas de Gestin de Informacin', 7, 1),
(110, 'ED-CF', 'Entornos de Desarrollo', 7, 1),
(111, 'PROY-DAW', 'Proyecto de Desarrollo de Aplicaciones Web', 7, 1),
(112, 'DWEC-DAW', 'Desarrollo Web en Entorno Cliente', 7, 1),
(113, 'DWES-DAW', 'Desarrollo Web en Entorno Servidor', 7, 1),
(114, 'DIW-DAW', 'Diseo de Interfaces Web', 7, 1),
(115, 'DEP-DAW', 'Despliegue de Aplicaciones Web', 7, 1),
(116, 'FCT-DAW', 'Formacin en Centros de Trabajo (DAW)', 7, 1),
(117, 'AD-DAM', 'Acceso a Datos (DAM)', 7, 1),
(118, 'DI-DAM', 'Desarrollo de Interfaces (DAM)', 7, 1),
(119, 'PMDM-DAM', 'Programacin multimedia y de dispositivos mviles (DAM)', 7, 1),
(120, 'PSP-DAM', 'Programacin de servicios y procesos (DAM)', 7, 1),
(121, 'SGE-DAM', 'Sistemas de gestin empresarial (DAM)', 7, 1),
(122, 'PROY-DAM', 'Proyecto de Desarrollo de Aplicaciones Multiplataforma', 7, 1),
(123, 'FCT-DAM', 'Formacin en Centros de Trabajo (DAM)', 7, 1),
(124, 'MK-AC', 'Marketing en la actividad comercial', 6, 1),
(125, 'GCOM-AC', 'Gestin de compras', 6, 1),
(126, 'TALM-AC', 'Tcnicas de almacn', 6, 1),
(127, 'PV-AC', 'Procesos de venta', 6, 1),
(128, 'SAC-AC', 'Servicios de atencin al cliente', 6, 1),
(129, 'AIC-AC', 'Aplicaciones informticas para el comercio', 6, 1),
(130, 'PROY-AC', 'Proyecto de Actividades Comerciales', 6, 1),
(131, 'FCT-AC', 'Formacin en Centros de Trabajo (Actividades Comerciales)', 6, 1),
(132, 'GACI-CI', 'Gestin administrativa del comercio internacional', 6, 1),
(133, 'TIM-CI', 'Transporte internacional de mercancas', 6, 1),
(134, 'LOGA-CI', 'Logstica de almacenamiento', 6, 1),
(135, 'SIM-CI', 'Sistema de informacin de mercados', 6, 1),
(136, 'MKI-CI', 'Marketing internacional', 6, 1),
(137, 'NEG-CI', 'Negociacin internacional', 6, 1),
(138, 'FINT-CI', 'Financiacin internacional', 6, 1),
(139, 'MPINT-CI', 'Medios de pago internacionales', 6, 1),
(140, 'ECOD-CI', 'Comercio digital internacional', 6, 1),
(141, 'PROY-CI', 'Proyecto de Comercio Internacional', 6, 1),
(142, 'FCT-CI', 'Formacin en Centros de Trabajo (Comercio Internacional)', 6, 1),
(143, 'GATL-TL', 'Gestin administrativa del transporte y la logstica', 6, 1),
(144, 'TIM-TL', 'Transporte internacional de mercancas (TL)', 6, 1),
(145, 'LOGA-TL', 'Logstica de almacenamiento (TL)', 6, 1),
(146, 'LOGAP-TL', 'Logstica de aprovisionamiento', 6, 1),
(147, 'OTV-TL', 'Organizacin del transporte de viajeros', 6, 1),
(148, 'OTM-TL', 'Organizacin del transporte de mercancas', 6, 1),
(149, 'COM-TL', 'Comercializacin del transporte y la logstica', 6, 1),
(150, 'GEF-TL', 'Gestin econmica y financiera del transporte', 6, 1),
(151, 'ENG-TL', 'Ingls aplicado a transporte y logstica', 13, 1),
(152, 'PROY-TL', 'Proyecto de Transporte y Logstica', 6, 1),
(153, 'FCT-TL', 'Formacin en Centros de Trabajo (Transporte y Logstica)', 6, 1),
(154, 'TAD-FPB', 'Tratamiento informtico de datos', 5, 1),
(155, 'TAB-FPB', 'Tcnicas administrativas bsicas', 5, 1),
(156, 'ACO-FPB', 'Archivo y comunicacin', 5, 1),
(157, 'ATC-FPB', 'Atencin al cliente (FPB)', 5, 1),
(158, 'OFI-FPB', 'Aplicaciones bsicas de ofimtica', 5, 1),
(159, 'VTA-FPB', 'Venta y servicio al cliente', 5, 1),
(160, 'PROY-FPB', 'Proyecto de Servicios Administrativos', 5, 1),
(161, 'FCT-FPB', 'Formacin en Centros de Trabajo (Servicios Administrativos)', 5, 1),
(162, 'OCOM-GA', 'Operaciones administrativas de compraventa', 5, 1),
(163, 'ORRHH-GA', 'Operaciones administrativas de recursos humanos', 5, 1),
(164, 'TDC-GA', 'Tratamiento de la documentacin contable', 5, 1),
(165, 'TECC-GA', 'Tcnica contable', 5, 1),
(166, 'EA-GA', 'Empresa y administracin', 5, 1),
(167, 'CEAC-GA', 'Comunicacin empresarial y atencin al cliente', 5, 1),
(168, 'AIG-GA', 'Aplicaciones informticas de gestin', 5, 1),
(169, 'PROY-GA', 'Proyecto de Gestin Administrativa', 5, 1),
(170, 'FCT-GA', 'Formacin en Centros de Trabajo (Gestin Administrativa)', 5, 1),
(171, 'CA-AF', 'Comunicacin y atencin al cliente', 5, 1),
(172, 'GDJE-AF', 'Gestin de la documentacin jurdica y empresarial', 5, 1),
(173, 'PIA-AF', 'Proceso integral de la actividad comercial', 5, 1),
(174, 'OFI-AF', 'Ofimtica y proceso de la informacin', 5, 1),
(175, 'RRHH-AF', 'Recursos humanos y responsabilidad social corporativa', 5, 1),
(176, 'GFI-AF', 'Gestin financiera', 5, 1),
(177, 'CONTFIS-AF', 'Contabilidad y fiscalidad', 5, 1),
(178, 'GLC-AF', 'Gestin logstica y comercial', 5, 1),
(179, 'SIM-AF', 'Simulacin empresarial', 5, 1),
(180, 'PROY-AF', 'Proyecto de Administracin y Finanzas', 5, 1),
(181, 'FCT-AF', 'Formacin en Centros de Trabajo (Administracin y Finanzas)', 5, 1),
(182, 'SO-ASIR', 'Implantacin de sistemas operativos', 7, 1),
(183, 'RED-ASIR', 'Planificacin y administracin de redes', 7, 1),
(184, 'HW-ASIR', 'Fundamentos de hardware', 7, 1),
(185, 'GBD-ASIR', 'Gestin de bases de datos (ASIR)', 7, 1),
(186, 'ASO-ASIR', 'Administracin de sistemas operativos', 7, 1),
(187, 'SRED-ASIR', 'Servicios de red', 7, 1),
(188, 'SEG-ASIR', 'Seguridad y alta disponibilidad', 7, 1),
(189, 'IAW-ASIR', 'Implantacin de aplicaciones web', 7, 1),
(190, 'SGBD-ASIR', 'Administracin de sistemas gestores de bases de datos', 7, 1),
(191, 'ENG-ASIR', 'Ingls tcnico para informtica', 13, 1),
(192, 'PROY-ASIR', 'Proyecto de Administracin de Sistemas Informticos en Red', 7, 1),
(193, 'FCT-ASIR', 'Formacin en Centros de Trabajo (ASIR)', 7, 1);

-- --------------------------------------------------------

--
-- Volcado de datos para la tabla `tag`
--

INSERT INTO `tag` (`tag_code`, `user_id`, `type`, `issued_at`, `is_active`, `tag_id`) VALUES
('eg6QmXdw64GyALEOvDlTjg', '1a1fcf19-6cbc-4d30-be9f-59f337c633a5', 'nfc_mobile', '2025-11-08 16:43:56', 1, 1),
('M9MS_v0GcE7GzreKZdaaAA', '2d9ce2e0-b172-4756-8c92-c647e3f0a649', 'nfc_mobile', '2025-11-08 16:43:56', 1, 2),
('ZOD08vIoypmyRKjfIPy_Fg', '2f09b2f8-3e2a-4cb6-b907-e98db842b4ee', 'nfc_mobile', '2025-11-08 16:43:56', 1, 3),
('zhO5seOQje-KXK6Kag5OUQ', '6b86f7e7-bf19-4117-b262-a1221c4ced55', 'nfc_mobile', '2025-11-08 16:43:56', 1, 4),
('x4m7QsJ12Le8p2WbXjvn1w', 'c3496420-0e39-4af4-951e-5b11f54e5022', 'nfc_mobile', '2025-11-08 16:43:56', 1, 5),
('OBxCH99hvOFndRkmVOPrJw', '1a1fcf19-6cbc-4d30-be9f-59f337c633a5', 'rfid', '2025-11-08 16:43:56', 1, 6),
('m4mckw7MpJgmFMeq1GNr2g', '2d9ce2e0-b172-4756-8c92-c647e3f0a649', 'rfid', '2025-11-08 16:43:56', 1, 7),
('06yZo5FVGxLSYUvZfqmfSQ', '2f09b2f8-3e2a-4cb6-b907-e98db842b4ee', 'rfid', '2025-11-08 16:43:56', 1, 8),
('sYp2HKAJMB4Q-ZmFygKjeA', '6b86f7e7-bf19-4117-b262-a1221c4ced55', 'rfid', '2025-11-08 16:43:56', 1, 9),
('4YGxKkADpDp-cSBVikZvWw', 'c3496420-0e39-4af4-951e-5b11f54e5022', 'rfid', '2025-11-08 16:43:56', 1, 10);

-- --------------------------------------------------------

--
-- Volcado de datos para la tabla `teacher`
--

INSERT INTO `teacher` (`user_id`, `department_id`) VALUES
('2f09b2f8-3e2a-4cb6-b907-e98db842b4ee', 6),
('6b86f7e7-bf19-4117-b262-a1221c4ced55', 7);

-- --------------------------------------------------------

--
-- Volcado de datos para la tabla `teacher_subject`
--

INSERT INTO `teacher_subject` (`user_id`, `subject_id`) VALUES
('6b86f7e7-bf19-4117-b262-a1221c4ced55', 99),
('6b86f7e7-bf19-4117-b262-a1221c4ced55', 101),
('6b86f7e7-bf19-4117-b262-a1221c4ced55', 102),
('6b86f7e7-bf19-4117-b262-a1221c4ced55', 104),
('6b86f7e7-bf19-4117-b262-a1221c4ced55', 108),
('2f09b2f8-3e2a-4cb6-b907-e98db842b4ee', 124),
('2f09b2f8-3e2a-4cb6-b907-e98db842b4ee', 127),
('2f09b2f8-3e2a-4cb6-b907-e98db842b4ee', 132),
('2f09b2f8-3e2a-4cb6-b907-e98db842b4ee', 136),
('2f09b2f8-3e2a-4cb6-b907-e98db842b4ee', 143);

-- --------------------------------------------------------

--
-- Volcado de datos para la tabla `user`
--

INSERT INTO `user` (`user_id`, `name`, `lastname`, `email`, `password_hash`, `avatar`, `valid_from`, `valid_to`, `created_at`, `token_version`) VALUES
('1a1fcf19-6cbc-4d30-be9f-59f337c633a5', 'Marta', 'Fernndez Ruiz', 'janitor@gva.es', '$2y$12$eQnvsg3kzbtDamF67xCr..Qj8iQOJe4I7Yij1mOgyVk8x5IZ6lxpm', 'avatar_1a1fcf19-6cbc-4d30-be9f-59f337c633a5.webp', '2025-10-05 05:33:04', NULL, '2025-10-05 05:33:04', 3),
('2d9ce2e0-b172-4756-8c92-c647e3f0a649', 'Ana', 'Morales Martnez', 'admin@gva.es', '$2y$12$inHNUJhmoJ7DpecYIq5zZeZ9wmApW2f1T4xiQ4CwQSi7XXRub/ORK', 'avatar_2d9ce2e0-b172-4756-8c92-c647e3f0a649.webp', '2025-10-05 05:33:04', NULL, '2025-10-05 05:33:04', 3),
('2f09b2f8-3e2a-4cb6-b907-e98db842b4ee', 'Luis', 'Torregrosa Prez', 'teacher@gva.es', '$2y$12$zyj3DhI6Mc2/uMpUsmaKEuA1zqOWoPuPV6c3TzPcC3Khd0/ndJYSa', 'avatar_2f09b2f8-3e2a-4cb6-b907-e98db842b4ee.webp', '2025-10-05 05:33:04', NULL, '2025-10-05 05:33:04', 2),
('6b86f7e7-bf19-4117-b262-a1221c4ced55', 'Paco', 'Garca Donat', 'pagado@gva.es', '$2y$12$3S45h65fqejFIW2Q8O.RH.rI5t4p1pc/bc3/AWQHPa/FDj.DzWTpq', 'avatar_6b86f7e7-bf19-4117-b262-a1221c4ced55.webp', '2025-11-04 09:15:32', NULL, '2025-11-04 09:15:32', 15),
('c3496420-0e39-4af4-951e-5b11f54e5022', 'Eva', 'Mendes Lpez', 'staff@gva.es', '$2y$12$iFxMXPFSbhrdMQNIV.pLb.TToqcfMOsSPOqJsR4jVhb8pddl2pNDy', 'avatar_c3496420-0e39-4af4-951e-5b11f54e5022.webp', '2025-10-05 05:33:04', NULL, '2025-10-05 05:33:04', 2);

-- --------------------------------------------------------

--
-- Volcado de datos para la tabla `weekly_schedule`
--

INSERT INTO `weekly_schedule` (`day_of_week`, `start_time`, `end_time`, `schedule_id`) VALUES
(1, '08:00:00', '08:55:00', 1),
(1, '08:55:00', '09:50:00', 2),
(1, '10:15:00', '11:10:00', 3),
(1, '11:10:00', '12:05:00', 4),
(1, '12:05:00', '13:00:00', 5),
(1, '13:10:00', '14:05:00', 6),
(1, '14:05:00', '15:00:00', 7),
(1, '15:10:00', '16:05:00', 8),
(1, '16:05:00', '17:00:00', 9),
(1, '17:00:00', '17:55:00', 10),
(1, '18:15:00', '19:10:00', 11),
(1, '19:10:00', '20:05:00', 12),
(1, '20:05:00', '21:00:00', 13),
(1, '21:10:00', '22:00:00', 14),
(2, '08:00:00', '08:55:00', 15),
(2, '08:55:00', '09:50:00', 16),
(2, '10:15:00', '11:10:00', 17),
(2, '11:10:00', '12:05:00', 18),
(2, '12:05:00', '13:00:00', 19),
(2, '13:10:00', '14:05:00', 20),
(2, '14:05:00', '15:00:00', 21),
(2, '15:10:00', '16:05:00', 22),
(2, '16:05:00', '17:00:00', 23),
(2, '17:00:00', '17:55:00', 24),
(2, '18:15:00', '19:10:00', 25),
(2, '19:10:00', '20:05:00', 26),
(2, '20:05:00', '21:00:00', 27),
(2, '21:10:00', '22:00:00', 28),
(3, '08:00:00', '08:55:00', 29),
(3, '08:55:00', '09:50:00', 30),
(3, '10:15:00', '11:10:00', 31),
(3, '11:10:00', '12:05:00', 32),
(3, '12:05:00', '13:00:00', 33),
(3, '13:10:00', '14:05:00', 34),
(3, '14:05:00', '15:00:00', 35),
(3, '15:10:00', '16:05:00', 36),
(3, '16:05:00', '17:00:00', 37),
(3, '17:00:00', '17:55:00', 38),
(3, '18:15:00', '19:10:00', 39),
(3, '19:10:00', '20:05:00', 40),
(3, '20:05:00', '21:00:00', 41),
(3, '21:10:00', '22:00:00', 42),
(4, '08:00:00', '08:55:00', 43),
(4, '08:55:00', '09:50:00', 44),
(4, '10:15:00', '11:10:00', 45),
(4, '11:10:00', '12:05:00', 46),
(4, '12:05:00', '13:00:00', 47),
(4, '13:10:00', '14:05:00', 48),
(4, '14:05:00', '15:00:00', 49),
(4, '15:10:00', '16:05:00', 50),
(4, '16:05:00', '17:00:00', 51),
(4, '17:00:00', '17:55:00', 52),
(4, '18:15:00', '19:10:00', 53),
(4, '19:10:00', '20:05:00', 54),
(4, '20:05:00', '21:00:00', 55),
(4, '21:10:00', '22:00:00', 56),
(5, '08:00:00', '08:55:00', 57),
(5, '08:55:00', '09:50:00', 58),
(5, '10:15:00', '11:10:00', 59),
(5, '11:10:00', '12:05:00', 60),
(5, '12:05:00', '13:00:00', 61),
(5, '13:10:00', '14:05:00', 62),
(5, '14:05:00', '15:00:00', 63),
(5, '15:10:00', '16:05:00', 64),
(5, '16:05:00', '17:00:00', 65),
(5, '17:00:00', '17:55:00', 66),
(5, '18:15:00', '19:10:00', 67),
(5, '19:10:00', '20:05:00', 68),
(5, '20:05:00', '21:00:00', 69),
(5, '21:10:00', '22:00:00', 70);

-- --------------------------------------------------------

-- Volvemos a activar las comprobaciones de claves forneas
SET FOREIGN_KEY_CHECKS = 1;
